# Modern-Era Retrospective Analysis for Research and Applications (MERRA), version 2
# Provider;National Aeronautics and Space Administration (NASA) / Goddard Space Flight Center
# More information at;http://gmao.gsfc.nasa.gov/reanalysis/MERRA-2
# Site latitude (positive means North);39.906
# Site longitude (positive means East);116.391
# Site altitude (m);222
# Date beginning;2019-01-01
# Date end;2021-12-31
# Time reference (hour);UT
# Summarization (period of integration);Day (d)
# Date - Instant;The date or instant given for each value corresponds to the end of the summarization

# Columns:
# Temperature (K);Temperature at 2 m above ground
# Relative humidity (%);Relative humidity at 2 m above ground
# Pressure (hPa);Pressure at ground level
# Wind speed (m/s);Wind speed at 10 m above ground
# Wind direction (deg);Wind direction at 10 m above ground (0 means from North, 90 from East...)
# Rainfall (kg/m2);Rainfall (= rain depth in mm)
# Snowfall (kg/m2);Snowfall
# Snow depth (m);Snow depth
# Short-wave irradiation (Wh/m2);Surface incoming shortwave irradiation (broadband)

# MERRA-2 meteorological data
# Date;UT time;Temperature;Relative Humidity;Pressure;Wind speed;Wind direction;Rainfall;Snowfall;Snow depth;Short-wave irradiation
2019-01-01;24:00;265.84;41.91;1019.17;3.69;338.13;0.000000;0.000000;0.000000;2389.2770
2019-01-02;24:00;267.79;40.16;1015.49;0.82;172.58;0.000000;0.000000;0.000000;2487.4160
2019-01-03;24:00;268.64;46.13;1014.62;1.57;345.78;0.000000;0.000000;0.000000;1739.7820
2019-01-04;24:00;266.95;29.14;1014.97;4.13;338.29;0.000000;0.000000;0.000000;2766.3190
2019-01-05;24:00;268.65;31.09;1013.48;0.54;151.38;0.000000;0.000001;0.000000;2247.4430
2019-01-06;24:00;268.08;46.26;1011.61;0.64;288.40;0.000000;0.000000;0.000000;2125.9830
2019-01-07;24:00;268.01;33.38;1014.01;3.78;336.25;0.000000;0.000000;0.000000;2105.6110
2019-01-08;24:00;267.64;29.25;1018.51;2.79;338.50;0.000000;0.000000;0.000000;2927.5700
2019-01-09;24:00;268.20;39.63;1010.32;1.58;230.58;0.000000;0.000000;0.000000;2520.4110
2019-01-10;24:00;272.15;43.89;1005.67;2.48;315.56;0.000000;0.000000;0.000000;2753.2050
2019-01-11;24:00;272.26;45.30;1003.83;0.53;341.15;0.000001;0.000000;0.000000;2169.0740
2019-01-12;24:00;272.07;46.26;1005.77;2.60;304.34;0.000000;0.000000;0.000000;2366.8110
2019-01-13;24:00;272.13;40.17;1008.36;0.85;303.81;0.000000;0.000000;0.000000;2972.9290
2019-01-14;24:00;270.60;33.14;1011.39;5.98;331.74;0.000000;0.000001;0.000000;2543.7020
2019-01-15;24:00;265.05;26.37;1015.25;4.31;323.02;0.000000;0.000000;0.000000;3153.3150
2019-01-16;24:00;268.28;27.38;1006.85;4.04;298.29;0.000000;0.000000;0.000000;3101.7930
2019-01-17;24:00;271.68;29.94;1005.98;1.69;274.70;0.000000;0.000000;0.000000;3104.4520
2019-01-18;24:00;272.47;34.63;1006.31;3.08;338.00;0.000000;0.000001;0.000000;1613.6860
2019-01-19;24:00;271.75;35.10;1010.45;3.19;342.36;0.000001;0.000001;0.000000;1918.0450
2019-01-20;24:00;271.02;29.40;1009.87;5.31;306.17;0.000000;0.000000;0.000000;3229.6530
2019-01-21;24:00;272.51;31.67;1002.71;5.16;303.50;0.000000;0.000000;0.000000;3200.0080
2019-01-22;24:00;273.92;31.88;1001.73;4.90;323.78;0.000000;0.000000;0.000000;3174.3850
2019-01-23;24:00;273.47;53.64;1006.45;1.10;98.67;0.000001;0.068059;0.000000;3141.7150
2019-01-24;24:00;272.44;47.58;1010.76;2.62;18.89;0.000000;0.000196;0.000000;2526.3270
2019-01-25;24:00;270.37;27.91;1018.44;4.20;343.98;0.000000;0.000000;0.000000;3364.0770
2019-01-26;24:00;271.13;35.01;1011.17;1.74;203.43;0.000000;0.000374;0.000000;2937.3550
2019-01-27;24:00;271.90;30.69;1006.77;4.29;325.98;0.000000;0.000001;0.000000;2184.5040
2019-01-28;24:00;272.54;30.41;1007.21;1.54;232.72;0.000000;0.000000;0.000000;3453.6990
2019-01-29;24:00;274.48;36.18;1005.16;0.63;330.44;0.000000;0.000000;0.000000;2788.9190
2019-01-30;24:00;270.06;20.30;1014.52;4.95;357.51;0.000013;0.000019;0.000000;1727.0070
2019-01-31;24:00;267.54;25.66;1008.24;3.86;290.54;0.000000;0.000000;0.000000;2871.3520
2019-02-01;24:00;271.31;35.35;997.08;2.22;208.40;0.000000;0.000000;0.000000;3444.0540
2019-02-02;24:00;272.57;49.64;995.77;1.81;349.25;0.000004;0.000000;0.000000;2817.6620
2019-02-03;24:00;272.04;28.13;1004.77;3.40;336.12;0.000012;0.000001;0.000000;3346.4300
2019-02-04;24:00;271.28;39.66;1000.27;1.16;75.53;0.000000;0.000000;0.000000;3116.4430
2019-02-05;24:00;269.68;46.54;998.96;2.83;113.05;0.000000;0.001130;0.000000;3449.8110
2019-02-06;24:00;267.30;33.52;1007.89;2.32;2.03;0.000020;0.009575;0.000005;3430.0760
2019-02-07;24:00;265.81;22.71;1014.68;1.95;11.78;0.000000;0.000589;0.000000;3675.0990
2019-02-08;24:00;265.67;28.34;1012.26;0.88;352.81;0.000000;0.000050;0.000000;2935.9630
2019-02-09;24:00;266.65;27.13;1017.03;1.28;353.12;0.000000;0.000007;0.000000;3378.5160
2019-02-10;24:00;266.09;38.99;1012.50;1.70;193.52;0.000000;0.002768;0.000000;1926.1400
2019-02-11;24:00;268.94;31.06;1014.05;2.99;27.42;0.000000;0.040541;0.000000;3453.7400
2019-02-12;24:00;265.91;55.43;1018.23;1.98;69.44;0.000000;0.538072;0.000735;1541.9760
2019-02-13;24:00;267.77;40.82;1017.36;1.20;105.74;0.000000;0.103536;0.000566;3846.7600
2019-02-14;24:00;265.96;68.01;1010.32;0.85;256.07;0.000000;2.999578;0.003019;954.8991
2019-02-15;24:00;267.46;30.02;1012.15;6.15;331.55;0.000000;0.000000;0.002803;4230.6100
2019-02-16;24:00;268.61;30.12;1012.63;5.11;333.38;0.000000;0.000000;0.002306;4465.0080
2019-02-17;24:00;271.95;29.78;1007.50;1.85;318.45;0.000000;0.000000;0.001495;4369.9870
2019-02-18;24:00;272.12;50.58;1002.30;1.02;190.30;0.100800;0.640010;0.002541;1360.5390
2019-02-19;24:00;271.66;45.00;1004.44;3.32;320.96;0.010113;0.033466;0.005155;2982.9920
2019-02-20;24:00;273.55;31.61;1010.25;1.44;331.76;0.000000;0.000000;0.002898;4350.2990
2019-02-21;24:00;275.68;33.95;1007.21;0.54;304.60;0.000000;0.000000;0.001383;4375.0120
2019-02-22;24:00;277.45;33.06;1008.21;1.32;24.37;0.000000;0.000000;0.000760;2462.3000
2019-02-23;24:00;276.83;38.57;1005.51;0.66;203.07;0.000000;0.000000;0.000359;3988.6230
2019-02-24;24:00;278.22;33.19;1005.28;2.34;35.44;0.000010;0.000000;0.000114;4232.2260
2019-02-25;24:00;276.37;36.83;1007.33;1.12;129.44;0.000042;0.000001;0.000016;3415.3000
2019-02-26;24:00;275.90;39.71;1006.48;1.48;129.36;0.000862;0.000467;0.000000;2729.1590
2019-02-27;24:00;277.56;37.54;1001.65;1.59;323.74;0.000000;0.000000;0.000000;4358.9530
2019-02-28;24:00;278.54;39.63;1001.75;0.80;218.00;0.000000;0.000000;0.000000;4402.4980
2019-03-01;24:00;279.07;47.74;1002.37;1.16;213.26;0.000000;0.000000;0.000000;4027.5000
2019-03-02;24:00;280.12;41.61;996.65;2.42;212.54;0.000000;0.000000;0.000000;4004.4470
2019-03-03;24:00;279.34;44.92;993.73;0.93;228.17;0.000000;0.000000;0.000000;3350.6330
2019-03-04;24:00;281.80;32.56;996.63;0.14;46.30;0.001705;0.000000;0.000000;4708.7260
2019-03-05;24:00;281.21;25.44;1001.64;6.32;336.54;0.000024;0.000000;0.000000;5030.6680
2019-03-06;24:00;276.34;28.87;1009.81;4.61;3.23;0.000357;0.000000;0.000000;5036.5790
2019-03-07;24:00;277.72;24.66;1005.25;2.06;212.69;0.000000;0.000000;0.000000;5304.7690
2019-03-08;24:00;279.88;32.40;999.83;2.97;194.35;0.000090;0.000000;0.000000;4207.5080
2019-03-09;24:00;277.70;50.86;999.55;1.59;34.92;0.007433;0.000000;0.000000;1538.0980
2019-03-10;24:00;277.84;55.94;996.06;0.43;312.03;0.056833;0.000006;0.000001;3837.5430
2019-03-11;24:00;279.63;23.75;995.69;6.09;326.60;0.000001;0.000000;0.000000;5583.4110
2019-03-12;24:00;276.61;20.20;1000.55;5.04;316.63;0.000000;0.000000;0.000000;5773.0730
2019-03-13;24:00;280.10;24.80;1001.80;3.87;330.86;0.000000;0.000000;0.000000;5683.1570
2019-03-14;24:00;280.03;26.19;1003.00;4.48;328.70;0.000000;0.000000;0.000000;5220.2500
2019-03-15;24:00;279.53;29.38;1000.81;0.96;331.18;0.000000;0.000000;0.000000;5736.5210
2019-03-16;24:00;282.63;30.60;1001.90;3.50;354.72;0.000000;0.000000;0.000000;5619.0720
2019-03-17;24:00;285.12;28.87;997.69;3.46;209.37;0.000000;0.000000;0.000000;5419.0090
2019-03-18;24:00;285.70;30.06;989.38;1.16;222.56;0.000000;0.000000;0.000000;4774.6010
2019-03-19;24:00;289.29;36.60;986.68;3.59;197.63;0.000389;0.000000;0.000000;4412.6600
2019-03-20;24:00;284.30;48.34;990.85;4.42;334.39;1.231890;0.000000;0.000000;2574.6820
2019-03-21;24:00;277.57;23.50;1003.91;4.63;345.55;0.000000;0.000000;0.000000;6268.1670
2019-03-22;24:00;279.32;21.44;1005.52;5.71;325.38;0.000002;0.000000;0.000000;6176.6900
2019-03-23;24:00;277.81;20.13;1004.31;2.41;252.21;0.000000;0.000000;0.000000;6383.6890
2019-03-24;24:00;283.42;18.02;992.12;3.68;281.40;0.000000;0.000000;0.000000;6213.7620
2019-03-25;24:00;284.86;20.93;994.04;3.02;358.40;0.000045;0.000000;0.000000;6362.2720
2019-03-26;24:00;282.92;35.67;994.00;1.01;115.89;0.000026;0.000000;0.000000;5403.0400
2019-03-27;24:00;284.69;26.26;998.27;0.66;81.98;0.005448;0.000000;0.000001;5197.8800
2019-03-28;24:00;277.02;38.70;997.77;2.75;164.14;0.027714;0.000000;0.000002;3370.3800
2019-03-29;24:00;280.02;26.02;996.29;5.81;311.47;0.005430;0.000000;0.000000;4937.0000
2019-03-30;24:00;277.06;21.74;1003.82;5.84;334.08;0.000001;0.000000;0.000000;6281.9430
2019-03-31;24:00;281.28;21.20;1003.56;3.49;340.21;0.000000;0.000000;0.000000;6394.1940
2019-04-01;24:00;282.19;23.28;1003.27;1.47;163.75;0.000000;0.000000;0.000000;6514.0690
2019-04-02;24:00;282.41;25.91;1006.20;1.33;72.04;0.000001;0.000000;0.000000;6531.5820
2019-04-03;24:00;285.41;22.82;999.73;2.36;224.92;0.000000;0.000000;0.000000;6203.4580
2019-04-04;24:00;290.94;17.10;991.53;3.65;320.11;0.000000;0.000000;0.000000;6427.0590
2019-04-05;24:00;285.90;19.56;991.60;2.71;130.17;0.000000;0.000000;0.000000;6163.4700
2019-04-06;24:00;284.89;30.47;993.44;2.05;127.49;0.000009;0.000000;0.000000;5118.5740
2019-04-07;24:00;284.31;28.02;994.35;2.15;117.46;0.000518;0.000000;0.000000;5914.2280
2019-04-08;24:00;283.58;27.85;1000.61;2.45;134.82;2.819030;0.000000;0.000397;5363.7750
2019-04-09;24:00;279.72;52.37;1001.58;2.51;4.33;0.248808;0.000000;0.001520;4430.2340
2019-04-10;24:00;285.33;30.00;997.49;0.57;313.99;0.000437;0.000000;0.000293;6523.8020
2019-04-11;24:00;284.60;36.88;996.48;1.85;228.99;0.014515;0.000000;0.000117;5894.5220
2019-04-12;24:00;287.00;36.25;993.38;3.37;204.31;0.000087;0.000000;0.000005;5685.0250
2019-04-13;24:00;286.05;25.17;998.39;4.65;337.05;0.012393;0.000000;0.000000;3736.5630
2019-04-14;24:00;288.58;16.96;997.61;3.60;263.53;0.000000;0.000000;0.000000;7377.1500
2019-04-15;24:00;291.43;22.89;991.19;3.09;213.19;1.189436;0.000000;0.000000;7094.8830
2019-04-16;24:00;291.13;35.63;987.59;2.93;161.69;0.000000;0.000000;0.000000;6628.9760
2019-04-17;24:00;295.34;24.76;984.24;0.49;190.13;0.000001;0.000000;0.000000;6132.0810
2019-04-18;24:00;289.12;19.98;999.33;2.14;105.17;0.001853;0.000000;0.000000;6379.7100
2019-04-19;24:00;285.34;43.27;997.34;2.66;190.11;6.320110;0.000000;0.000000;3529.3840
2019-04-20;24:00;285.85;57.57;994.41;0.48;99.48;0.175910;0.000000;0.000000;3214.2370
2019-04-21;24:00;287.99;44.32;994.81;2.64;152.86;0.000512;0.000000;0.000000;6640.0480
2019-04-22;24:00;292.18;57.97;990.26;4.26;195.26;0.000025;0.000000;0.000000;6184.8420
2019-04-23;24:00;294.01;56.38;990.14;2.35;142.06;1.627845;0.000000;0.000000;6066.4000
2019-04-24;24:00;282.19;60.49;997.16;5.09;35.44;16.768095;1.423605;0.023537;2473.9900
2019-04-25;24:00;284.37;49.63;998.83;0.52;9.44;1.958781;0.000000;0.010714;7566.8390
2019-04-26;24:00;286.21;45.10;1001.78;1.64;205.41;0.000223;0.000000;0.001481;7065.5390
2019-04-27;24:00;281.98;75.44;1001.70;3.49;197.83;2.544612;0.000000;0.000143;2888.8480
2019-04-28;24:00;285.97;62.20;995.75;3.29;188.72;0.004703;0.000000;0.000009;5092.4440
2019-04-29;24:00;289.88;48.59;991.37;1.98;237.39;0.000344;0.000000;0.000000;6608.7680
2019-04-30;24:00;289.66;23.92;994.21;7.03;344.94;0.000010;0.000000;0.000000;8033.9840
2019-05-01;24:00;292.72;19.28;994.79;2.57;295.06;0.000000;0.000000;0.000000;8098.2380
2019-05-02;24:00;294.82;19.69;994.65;3.01;245.70;0.000000;0.000000;0.000000;7882.2850
2019-05-03;24:00;295.26;30.12;995.06;3.39;202.76;0.000000;0.000000;0.000000;6548.9980
2019-05-04;24:00;293.11;41.79;996.06;2.21;359.64;0.020446;0.000000;0.000000;3980.0980
2019-05-05;24:00;288.06;22.73;1005.91;5.18;8.46;0.000073;0.000000;0.000000;8094.6940
2019-05-06;24:00;289.99;19.60;1000.30;3.21;300.02;0.000000;0.000000;0.000000;8237.6130
2019-05-07;24:00;293.75;22.19;992.54;2.31;246.31;0.000000;0.000000;0.000000;7655.9850
2019-05-08;24:00;291.74;29.65;988.50;2.07;322.92;0.000001;0.000000;0.000000;4123.1030
2019-05-09;24:00;295.48;23.54;988.19;1.48;225.38;0.000000;0.000000;0.000000;7611.6310
2019-05-10;24:00;294.88;35.86;990.08;3.18;169.93;0.000000;0.000000;0.000000;6445.1900
2019-05-11;24:00;294.00;44.79;991.81;2.55;152.87;0.031367;0.000000;0.000000;6267.9380
2019-05-12;24:00;286.90;44.09;993.91;4.01;301.29;7.139981;0.000000;0.000000;3533.1500
2019-05-13;24:00;290.08;22.60;989.92;3.07;218.09;0.000000;0.000000;0.000000;8351.9580
2019-05-14;24:00;292.63;34.82;989.11;1.67;136.94;0.000658;0.000000;0.000000;6788.5880
2019-05-15;24:00;295.15;37.07;986.11;1.80;228.83;0.000007;0.000000;0.000000;5540.1580
2019-05-16;24:00;298.37;27.27;986.14;2.15;179.77;0.000000;0.000000;0.000000;7458.7460
2019-05-17;24:00;297.45;50.37;987.47;3.39;129.77;0.046297;0.000000;0.000000;6152.3960
2019-05-18;24:00;294.38;64.67;988.83;3.68;159.10;2.609455;0.000000;0.000000;4597.4030
2019-05-19;24:00;289.75;24.84;991.19;8.80;302.69;0.000106;0.000000;0.000000;8116.2620
2019-05-20;24:00;291.78;25.07;989.50;5.78;319.90;0.000000;0.000000;0.000000;8626.2600
2019-05-21;24:00;296.35;21.24;985.87;4.10;317.11;0.000000;0.000000;0.000000;8611.5370
2019-05-22;24:00;299.96;22.46;983.45;1.31;337.64;0.000000;0.000000;0.000000;7588.4200
2019-05-23;24:00;302.48;19.43;984.77;2.55;192.96;0.000000;0.000000;0.000000;8181.5900
2019-05-24;24:00;298.37;28.70;985.29;3.11;186.70;0.000000;0.000000;0.000000;4089.3400
2019-05-25;24:00;301.27;38.78;984.40;2.42;153.84;0.015454;0.000000;0.000000;7256.1610
2019-05-26;24:00;293.72;56.74;988.82;3.98;353.26;28.088096;0.000000;0.000000;4826.8200
2019-05-27;24:00;294.45;25.98;996.39;4.59;344.44;0.000000;0.000000;0.000000;8531.2750
2019-05-28;24:00;298.50;22.81;992.07;2.38;299.51;0.000000;0.000000;0.000000;8488.3580
2019-05-29;24:00;299.05;26.18;988.23;1.26;182.45;0.000001;0.000000;0.000000;7801.6060
2019-05-30;24:00;294.75;22.23;990.87;4.92;341.81;0.000041;0.000000;0.000000;6376.4810
2019-05-31;24:00;297.07;20.74;988.40;2.69;266.47;0.004739;0.000000;0.000000;8099.2120
2019-06-01;24:00;295.61;45.14;983.72;0.89;111.95;0.215495;0.000000;0.000000;4760.0070
2019-06-02;24:00;298.93;36.18;980.44;1.03;42.92;0.000185;0.000000;0.000000;7702.4870
2019-06-03;24:00;298.07;32.94;985.42;1.01;100.69;0.051639;0.000000;0.000000;8003.8430
2019-06-04;24:00;296.18;49.98;988.77;2.11;122.17;0.107890;0.000000;0.000000;6347.7410
2019-06-05;24:00;295.95;44.59;991.06;0.85;146.78;29.321042;0.000000;0.000000;3560.3730
2019-06-06;24:00;294.19;62.48;990.21;1.13;142.21;8.212032;0.000000;0.000000;3512.1950
2019-06-07;24:00;299.24;41.78;986.15;1.10;226.11;0.007538;0.000000;0.000000;6592.6260
2019-06-08;24:00;300.61;23.34;983.43;3.83;330.95;0.000006;0.000000;0.000000;8304.2880
2019-06-09;24:00;298.81;32.44;987.06;2.82;33.21;0.000012;0.000000;0.000000;8347.2370
2019-06-10;24:00;299.37;36.51;988.44;2.19;98.85;0.000453;0.000000;0.000000;8184.5020
2019-06-11;24:00;299.77;40.10;987.87;2.37;121.91;0.006330;0.000000;0.000000;7747.3960
2019-06-12;24:00;299.38;55.55;986.87;1.54;22.15;9.785923;0.000000;0.000000;3750.9050
2019-06-13;24:00;299.17;48.01;986.51;0.47;307.88;0.576027;0.000000;0.000000;4487.6280
2019-06-14;24:00;300.68;29.39;987.15;2.65;66.27;0.000201;0.000000;0.000000;8367.7130
2019-06-15;24:00;298.30;39.22;989.21;2.84;117.08;4.017679;0.000000;0.000000;5957.0060
2019-06-16;24:00;292.51;67.47;992.09;2.14;142.95;0.899109;0.000000;0.000000;5001.7530
2019-06-17;24:00;297.17;52.88;988.57;1.49;152.67;1.721645;0.000000;0.000000;6613.4370
2019-06-18;24:00;300.85;46.31;986.41;2.01;109.11;0.007090;0.000000;0.000000;7352.0400
2019-06-19;24:00;299.04;55.75;987.44;1.51;134.85;0.023535;0.000000;0.000000;5274.7870
2019-06-20;24:00;301.70;46.11;986.74;1.50;115.51;0.090047;0.000000;0.000000;6045.1920
2019-06-21;24:00;299.86;44.35;991.63;1.91;155.86;0.417084;0.000000;0.000000;5705.2640
2019-06-22;24:00;302.09;34.99;990.04;1.63;182.17;0.000000;0.000000;0.000000;7902.1500
2019-06-23;24:00;302.47;38.02;989.90;1.48;152.48;0.000003;0.000000;0.000000;6727.0160
2019-06-24;24:00;304.19;29.84;987.95;2.84;179.84;0.000000;0.000000;0.000000;7553.7620
2019-06-25;24:00;302.71;37.55;988.00;3.11;157.59;0.001849;0.000000;0.000000;5533.9720
2019-06-26;24:00;301.73;38.56;984.21;2.75;153.79;0.001219;0.000000;0.000000;5436.1610
2019-06-27;24:00;301.67;46.17;980.39;0.48;340.95;2.426197;0.000000;0.000000;4761.8240
2019-06-28;24:00;301.04;43.55;978.22;1.39;219.94;0.071350;0.000000;0.000000;6870.6520
2019-06-29;24:00;301.07;29.49;979.66;5.54;324.30;0.006114;0.000000;0.000000;8381.8370
2019-06-30;24:00;300.32;29.79;985.84;3.73;355.84;0.000002;0.000000;0.000000;8466.3380
2019-07-01;24:00;302.23;24.74;987.55;0.45;151.04;0.002807;0.000000;0.000000;8310.5700
2019-07-02;24:00;302.25;32.36;988.10;0.30;112.83;0.161751;0.000000;0.000000;6725.1960
2019-07-03;24:00;304.32;25.32;986.36;1.37;219.86;0.000000;0.000000;0.000000;8179.1440
2019-07-04;24:00;306.12;29.87;980.65;2.42;183.25;0.004385;0.000000;0.000000;7710.7770
2019-07-05;24:00;298.95;58.21;978.99;2.78;355.35;52.797564;0.000000;0.000000;4992.5980
2019-07-06;24:00;295.94;63.09;985.48;4.65;25.51;2.437977;0.000000;0.000000;4644.5120
2019-07-07;24:00;296.92;60.83;992.04;2.08;58.27;0.653546;0.000000;0.000000;7099.3690
2019-07-08;24:00;299.97;48.14;989.76;1.16;192.40;0.019210;0.000000;0.000000;6760.7190
2019-07-09;24:00;298.01;61.32;987.71;0.99;110.21;0.729090;0.000000;0.000000;4299.4900
2019-07-10;24:00;296.98;62.42;989.14;2.01;122.62;1.352375;0.000000;0.000000;5398.4020
2019-07-11;24:00;298.96;49.95;987.94;1.17;179.43;0.056840;0.000000;0.000000;6858.1120
2019-07-12;24:00;301.90;42.38;983.49;1.61;165.80;0.003670;0.000000;0.000000;7622.0630
2019-07-13;24:00;301.57;52.38;983.06;1.43;98.08;0.093219;0.000000;0.000000;7289.7490
2019-07-14;24:00;301.25;49.02;985.06;1.51;133.56;0.069661;0.000000;0.000000;7464.6550
2019-07-15;24:00;302.26;49.97;987.84;2.28;165.22;0.100292;0.000000;0.000000;6686.2210
2019-07-16;24:00;300.59;56.47;989.48;2.24;153.49;0.645470;0.000000;0.000000;4738.5600
2019-07-17;24:00;299.76;69.90;989.12;1.15;140.24;3.442467;0.000000;0.000000;4903.1020
2019-07-18;24:00;301.96;57.62;987.77;1.97;146.51;0.316634;0.000000;0.000000;6092.4210
2019-07-19;24:00;300.69;64.21;986.03;2.60;155.79;2.165787;0.000000;0.000000;4604.5660
2019-07-20;24:00;299.17;69.52;985.26;1.47;192.70;7.643923;0.000000;0.000000;3355.2160
2019-07-21;24:00;305.43;45.16;984.04;1.40;201.77;0.002533;0.000000;0.000000;6718.7650
2019-07-22;24:00;302.09;64.73;982.55;2.01;182.44;27.451476;0.000000;0.000000;3812.9250
2019-07-23;24:00;302.95;52.49;980.37;0.58;305.13;0.000229;0.000000;0.000000;7691.9850
2019-07-24;24:00;304.56;48.31;982.33;2.19;210.07;0.210460;0.000000;0.000000;6145.8910
2019-07-25;24:00;303.91;51.04;982.55;2.43;177.41;0.089344;0.000000;0.000000;7318.7910
2019-07-26;24:00;304.06;54.09;982.58;2.07;166.44;0.054418;0.000000;0.000000;7197.7660
2019-07-27;24:00;304.70;51.82;982.95;2.93;134.95;0.167969;0.000000;0.000000;6927.7320
2019-07-28;24:00;303.38;70.48;983.83;2.11;158.17;4.356742;0.000000;0.000000;5428.0470
2019-07-29;24:00;296.92;80.36;983.45;2.94;331.92;19.183270;0.000000;0.000000;3202.0170
2019-07-30;24:00;301.20;59.81;983.47;1.41;234.05;0.027291;0.000000;0.000000;7196.7840
2019-07-31;24:00;302.54;49.60;986.98;0.87;216.26;0.124159;0.000000;0.000000;7285.6460
2019-08-01;24:00;301.62;70.82;990.41;1.81;123.55;3.560533;0.000000;0.000000;5527.1680
2019-08-02;24:00;298.09;76.87;991.41;0.88;79.85;1.940713;0.000000;0.000000;3016.4250
2019-08-03;24:00;300.09;66.64;991.34;1.65;192.13;0.984939;0.000000;0.000000;5533.1300
2019-08-04;24:00;298.51;80.98;990.84;2.33;130.89;3.548006;0.000000;0.000000;2914.9170
2019-08-05;24:00;298.97;85.92;988.61;2.82;155.95;5.755716;0.000000;0.000000;3647.6930
2019-08-06;24:00;298.95;86.82;986.97;2.10;157.64;5.170795;0.000000;0.000000;2527.2360
2019-08-07;24:00;299.31;81.28;986.67;1.29;160.67;4.890992;0.000000;0.000000;4502.8940
2019-08-08;24:00;300.59;72.43;987.50;2.19;169.70;1.493030;0.000000;0.000000;6040.7520
2019-08-09;24:00;298.82;85.39;985.66;1.29;153.60;6.147785;0.000000;0.000000;2438.1430
2019-08-10;24:00;297.84;77.68;985.23;0.21;66.33;10.814800;0.000000;0.000000;3561.2210
2019-08-11;24:00;297.26;80.89;982.12;3.79;17.87;3.334965;0.000000;0.000000;3877.6660
2019-08-12;24:00;297.07;70.55;981.84;6.09;9.80;15.439752;0.000000;0.000000;3540.1650
2019-08-13;24:00;299.68;66.06;984.68;2.44;12.89;0.124119;0.000000;0.000000;6496.2280
2019-08-14;24:00;299.76;56.67;984.20;0.97;49.08;0.000047;0.000000;0.000000;6727.4720
2019-08-15;24:00;298.96;60.19;979.18;0.49;257.64;14.242291;0.000000;0.000000;6872.9170
2019-08-16;24:00;296.42;48.87;982.31;4.97;332.85;0.000072;0.000000;0.000000;7321.4550
2019-08-17;24:00;297.93;41.52;985.75;3.70;335.46;0.000000;0.000000;0.000000;7364.4190
2019-08-18;24:00;298.60;47.24;988.71;1.44;186.03;0.000000;0.000000;0.000000;6095.5840
2019-08-19;24:00;298.85;62.86;990.11;2.88;186.27;1.522498;0.000000;0.000000;4559.9510
2019-08-20;24:00;294.20;80.28;989.66;1.33;202.80;4.930106;0.000000;0.000000;2894.8550
2019-08-21;24:00;297.67;44.80;991.33;2.86;324.30;0.000000;0.000000;0.000000;7141.1130
2019-08-22;24:00;297.41;42.35;992.41;3.33;333.15;0.000000;0.000000;0.000000;6200.7210
2019-08-23;24:00;298.45;46.22;993.56;0.92;32.59;0.000001;0.000000;0.000000;6249.4970
2019-08-24;24:00;298.41;49.62;993.32;1.85;199.76;0.000000;0.000000;0.000000;6676.3120
2019-08-25;24:00;298.46;59.16;992.58;2.83;200.85;0.036444;0.000000;0.000000;6527.3810
2019-08-26;24:00;296.03;69.83;990.64;0.63;263.91;0.344182;0.000000;0.000000;2440.6030
2019-08-27;24:00;298.31;35.61;988.61;3.70;309.75;0.000000;0.000000;0.000000;7047.7290
2019-08-28;24:00;296.84;39.03;989.64;5.48;321.38;0.000021;0.000000;0.000000;6839.3040
2019-08-29;24:00;296.71;42.62;992.03;4.51;341.69;0.000140;0.000000;0.000000;6804.8450
2019-08-30;24:00;296.81;40.57;993.87;0.94;4.94;0.000000;0.000000;0.000000;6884.9510
2019-08-31;24:00;297.75;38.78;995.43;0.94;227.30;0.000000;0.000000;0.000000;6598.9650
2019-09-01;24:00;298.30;41.82;996.47;1.83;199.02;0.004685;0.000000;0.000000;6475.9550
2019-09-02;24:00;299.04;42.52;996.68;1.33;193.64;0.011462;0.000000;0.000000;6378.5100
2019-09-03;24:00;298.90;46.56;995.10;1.13;148.49;0.004152;0.000000;0.000000;6170.1270
2019-09-04;24:00;298.17;50.76;991.87;0.88;157.11;0.000161;0.000000;0.000000;4608.4720
2019-09-05;24:00;298.23;45.72;989.49;0.82;190.93;0.000000;0.000000;0.000000;5429.7500
2019-09-06;24:00;299.33;45.37;988.92;0.92;165.09;0.001276;0.000000;0.000000;5926.4360
2019-09-07;24:00;300.58;40.36;984.27;0.85;275.29;0.000000;0.000000;0.000000;5976.0440
2019-09-08;24:00;302.14;43.99;988.44;1.14;101.80;0.004567;0.000000;0.000000;5617.4130
2019-09-09;24:00;298.46;63.40;994.69;2.45;65.04;15.521771;0.000000;0.000000;3932.2910
2019-09-10;24:00;292.79;79.62;1001.63;1.89;30.91;13.600271;0.000000;0.000000;2076.2550
2019-09-11;24:00;293.86;58.33;1001.17;1.10;119.66;1.038751;0.000000;0.000000;4493.4050
2019-09-12;24:00;293.74;73.76;994.46;1.90;165.35;15.907846;0.000000;0.000000;4461.5760
2019-09-13;24:00;294.01;56.80;995.46;3.20;338.97;0.011211;0.000000;0.000000;3421.1220
2019-09-14;24:00;295.16;52.58;996.44;0.71;210.47;0.016546;0.000000;0.000000;5952.3520
2019-09-15;24:00;294.13;50.76;995.64;1.63;313.90;0.000002;0.000000;0.000000;4530.7640
2019-09-16;24:00;292.84;49.27;999.26;1.87;160.76;0.000000;0.000000;0.000000;5938.4890
2019-09-17;24:00;292.82;51.24;1001.83;1.62;311.54;0.000114;0.000000;0.000000;4633.4290
2019-09-18;24:00;291.35;39.45;1005.60;1.33;211.03;0.000000;0.000000;0.000000;6036.2760
2019-09-19;24:00;291.48;56.48;999.78;1.27;217.84;0.000005;0.000000;0.000000;3402.9470
2019-09-20;24:00;294.03;52.63;999.63;0.72;43.47;0.000003;0.000000;0.000000;3872.1240
2019-09-21;24:00;294.10;55.66;1003.87;1.19;97.90;0.000003;0.000000;0.000000;5211.6620
2019-09-22;24:00;294.22;51.82;1002.14;0.18;45.44;0.000000;0.000000;0.000000;5157.5160
2019-09-23;24:00;296.23;36.17;1000.09;2.11;329.53;0.000000;0.000000;0.000000;5647.2600
2019-09-24;24:00;295.90;41.36;1002.83;0.66;107.35;0.000874;0.000000;0.000000;5708.7980
2019-09-25;24:00;295.32;42.51;1002.79;1.78;213.46;0.000009;0.000000;0.000000;5397.1100
2019-09-26;24:00;295.10;47.29;1003.55;1.40;180.12;0.017490;0.000000;0.000000;5237.4680
2019-09-27;24:00;294.06;52.06;1000.64;1.79;187.84;0.041994;0.000000;0.000000;4972.4350
2019-09-28;24:00;295.22;51.19;997.63;0.98;232.78;0.000017;0.000000;0.000000;4606.5720
2019-09-29;24:00;296.25;53.12;996.05;1.49;157.79;0.005682;0.000000;0.000000;4666.5770
2019-09-30;24:00;296.21;53.84;995.38;2.82;193.08;0.010466;0.000000;0.000000;4447.1190
2019-10-01;24:00;295.77;55.40;996.02;2.36;183.17;0.019638;0.000000;0.000000;4329.8020
2019-10-02;24:00;295.81;51.64;994.03;1.00;195.03;0.000001;0.000000;0.000000;4337.5830
2019-10-03;24:00;294.97;55.40;996.49;2.77;99.33;3.078023;0.000000;0.000000;3960.3040
2019-10-04;24:00;283.14;61.93;1007.49;2.69;30.92;2.556988;0.000000;0.000000;1719.8820
2019-10-05;24:00;286.54;38.01;1007.53;0.30;285.03;0.000000;0.000000;0.000000;5124.9340
2019-10-06;24:00;285.30;55.05;1003.69;1.43;232.77;0.004287;0.000000;0.000000;2237.3870
2019-10-07;24:00;288.63;39.46;1001.41;2.99;315.48;0.000000;0.000000;0.000000;5117.2710
2019-10-08;24:00;286.65;38.77;1003.13;1.39;245.96;0.000000;0.000000;0.000000;5153.1050
2019-10-09;24:00;288.75;57.06;995.09;2.44;200.16;0.091471;0.000000;0.000000;3597.9640
2019-10-10;24:00;289.39;61.27;997.58;1.70;109.92;0.095176;0.000000;0.000000;4204.3820
2019-10-11;24:00;288.17;63.10;1002.50;2.21;131.49;0.706236;0.000000;0.000000;2385.5460
2019-10-12;24:00;286.47;54.49;1005.09;1.96;126.53;8.194435;0.000000;0.000000;2061.7900
2019-10-13;24:00;280.26;64.00;1013.22;1.82;22.53;0.661385;0.000000;0.000000;1876.8910
2019-10-14;24:00;281.31;34.61;1017.35;0.97;343.79;0.000000;0.000000;0.000000;4987.7160
2019-10-15;24:00;284.16;37.41;1011.86;0.38;249.70;0.000000;0.000000;0.000000;4533.0010
2019-10-16;24:00;283.82;54.68;1007.79;0.85;268.94;0.029949;0.000000;0.000000;1918.5750
2019-10-17;24:00;283.94;72.40;1006.16;1.00;334.08;0.862569;0.000000;0.000000;2064.5550
2019-10-18;24:00;285.21;68.87;1003.35;1.11;190.67;0.001230;0.000000;0.000000;3677.3560
2019-10-19;24:00;286.31;74.38;1000.71;0.96;197.03;0.002460;0.000000;0.000000;3105.7910
2019-10-20;24:00;285.72;32.76;1001.91;3.93;344.81;0.000000;0.000000;0.000000;4426.2440
2019-10-21;24:00;285.72;37.50;1000.58;0.59;175.04;0.000543;0.000000;0.000000;4238.4520
2019-10-22;24:00;287.40;50.36;998.94;0.54;148.02;0.003557;0.000000;0.000000;3239.7130
2019-10-23;24:00;288.25;65.29;999.58;1.50;173.88;0.017324;0.000000;0.000000;3151.8550
2019-10-24;24:00;281.58;57.96;1005.16;4.82;332.01;2.843870;0.000000;0.000000;915.2623
2019-10-25;24:00;280.80;35.56;1008.10;2.46;346.25;0.000000;0.000000;0.000000;4334.7260
2019-10-26;24:00;281.36;47.08;999.99;2.17;249.09;0.000000;0.000000;0.000000;3893.8710
2019-10-27;24:00;283.38;42.97;992.99;1.79;244.80;0.000000;0.000000;0.000000;3900.5240
2019-10-28;24:00;279.60;33.01;997.61;5.15;321.04;0.000000;0.000000;0.000000;4211.3070
2019-10-29;24:00;282.72;43.46;998.39;1.99;224.31;0.000000;0.000000;0.000000;3841.6760
2019-10-30;24:00;285.91;42.15;997.84;3.48;295.38;0.000000;0.000000;0.000000;3728.1100
2019-10-31;24:00;287.91;38.59;1003.35;1.99;5.52;0.003235;0.000000;0.000000;3887.8270
2019-11-01;24:00;285.74;51.45;1005.95;1.50;117.58;0.844810;0.000000;0.000000;3123.9610
2019-11-02;24:00;283.81;74.29;1005.10;2.73;36.46;7.847244;0.000000;0.000000;1302.4440
2019-11-03;24:00;281.36;49.66;1009.52;0.67;125.45;0.000389;0.000000;0.000000;2764.8850
2019-11-04;24:00;282.63;63.27;1005.78;1.61;311.11;0.000002;0.000000;0.000000;3220.7250
2019-11-05;24:00;281.91;50.42;1003.78;1.52;128.69;0.000027;0.000000;0.000000;3547.9690
2019-11-06;24:00;281.14;63.98;1002.44;1.03;38.84;0.000102;0.000000;0.000000;2245.1160
2019-11-07;24:00;278.34;43.38;1007.77;1.08;190.33;0.000000;0.000000;0.000000;3620.0340
2019-11-08;24:00;281.52;45.76;1004.25;0.77;303.61;0.000111;0.000000;0.000000;3479.5040
2019-11-09;24:00;282.20;68.47;994.66;1.75;317.92;10.376046;0.000000;0.000000;1843.6080
2019-11-10;24:00;281.66;49.20;991.74;5.77;329.03;0.000347;0.000000;0.000000;3116.2250
2019-11-11;24:00;283.06;56.30;997.14;1.32;214.12;0.002899;0.000000;0.000000;3442.1880
2019-11-12;24:00;283.25;50.11;999.35;2.68;330.44;0.001400;0.000000;0.000000;2479.4420
2019-11-13;24:00;273.24;36.64;1006.32;3.53;330.96;0.000000;0.000000;0.000000;3543.2410
2019-11-14;24:00;275.89;51.00;997.30;0.74;32.46;0.000000;0.000000;0.000000;3114.2600
2019-11-15;24:00;276.43;70.47;999.68;1.94;105.82;0.092494;0.000000;0.000000;3136.4470
2019-11-16;24:00;278.91;69.72;1000.60;2.04;96.37;0.239738;0.000000;0.000000;1875.7040
2019-11-17;24:00;274.75;38.44;1005.71;6.81;322.85;0.000555;0.000001;0.000000;1359.5120
2019-11-18;24:00;271.04;32.94;1008.32;4.04;311.52;0.000000;0.000000;0.000000;3401.3360
2019-11-19;24:00;272.63;40.34;1009.26;0.85;225.00;0.000000;0.000000;0.000000;3231.0960
2019-11-20;24:00;275.44;48.25;1008.34;0.48;108.81;0.186161;0.267841;0.000000;2693.3210
2019-11-21;24:00;274.52;81.41;1005.51;0.96;38.24;0.130504;0.171033;0.000001;1619.6600
2019-11-22;24:00;278.04;86.39;1001.25;0.40;250.52;0.048750;0.000000;0.000000;1939.5150
2019-11-23;24:00;278.94;61.60;1005.04;3.98;357.38;0.009482;0.000000;0.000000;1180.1680
2019-11-24;24:00;270.76;33.11;1020.47;5.64;341.70;0.000000;0.000000;0.000000;3065.5910
2019-11-25;24:00;270.44;41.42;1015.05;1.79;210.41;0.000000;0.000000;0.000000;3130.2820
2019-11-26;24:00;273.13;43.30;1015.18;1.84;349.37;0.000000;0.000000;0.000000;2573.8320
2019-11-27;24:00;271.00;40.75;1021.66;1.69;84.18;0.000000;0.000000;0.000000;2980.9150
2019-11-28;24:00;270.52;51.13;1017.08;0.85;147.18;0.000000;0.000000;0.000000;2557.8700
2019-11-29;24:00;271.43;70.09;1013.50;1.45;152.50;0.148282;2.012533;0.008607;1537.5240
2019-11-30;24:00;270.90;53.36;1010.03;3.92;326.50;0.000000;0.000002;0.017614;2005.1910
2019-12-01;24:00;270.23;42.81;1009.18;4.23;311.98;0.000000;0.000009;0.014024;2835.0120
2019-12-02;24:00;270.68;45.48;1006.23;3.86;273.14;0.000000;0.000000;0.011760;2891.8080
2019-12-03;24:00;273.01;47.51;1007.69;3.83;313.36;0.000000;0.000000;0.008632;2787.2690
2019-12-04;24:00;272.55;49.15;1014.98;2.88;341.75;0.000000;0.000000;0.005861;2841.9510
2019-12-05;24:00;268.01;45.75;1022.37;0.66;133.89;0.000000;0.000000;0.004966;2778.0320
2019-12-06;24:00;269.93;65.20;1013.17;1.29;277.73;0.000000;0.000027;0.004155;2452.0860
2019-12-07;24:00;271.51;58.37;1010.38;0.41;160.01;0.000000;0.001615;0.003093;2719.9620
2019-12-08;24:00;270.73;74.18;1002.27;0.62;286.60;0.000000;0.023806;0.002404;2234.9680
2019-12-09;24:00;273.67;63.63;998.62;0.87;259.97;0.000002;0.009624;0.001702;2517.3770
2019-12-10;24:00;273.16;52.51;1000.74;4.17;321.76;0.000007;0.000610;0.001134;2550.6110
2019-12-11;24:00;269.96;37.57;1009.12;3.87;334.11;0.000005;0.000003;0.000938;2829.9100
2019-12-12;24:00;270.65;47.56;1005.38;1.41;214.34;0.000000;0.000000;0.000803;2498.0070
2019-12-13;24:00;272.42;47.71;1010.41;4.35;338.01;0.000000;0.000000;0.000585;2690.9900
2019-12-14;24:00;271.83;58.56;1011.19;1.33;161.20;0.000000;0.000002;0.000444;2589.7720
2019-12-15;24:00;273.33;70.33;1006.44;0.81;150.92;0.492188;3.201405;0.002809;1476.0460
2019-12-16;24:00;272.23;75.87;1001.34;2.42;322.03;0.216814;1.201878;0.024934;1210.3670
2019-12-17;24:00;269.06;52.34;1013.19;3.78;348.90;0.000000;0.000000;0.021511;2550.4240
2019-12-18;24:00;268.77;58.22;1010.64;1.18;258.28;0.000000;0.000023;0.019389;2367.8870
2019-12-19;24:00;266.52;45.20;1012.33;3.80;340.96;0.000000;0.000000;0.018283;2729.8460
2019-12-20;24:00;267.60;54.60;1007.42;1.26;224.36;0.000000;0.000049;0.017482;2374.2580
2019-12-21;24:00;270.47;56.67;1003.46;0.18;54.97;0.000030;0.008877;0.015045;2453.6770
2019-12-22;24:00;270.17;59.96;1004.04;2.89;340.76;0.000018;0.005906;0.012788;2057.3820
2019-12-23;24:00;269.45;70.64;1010.41;1.99;145.60;0.000078;0.387833;0.011937;1863.4400
2019-12-24;24:00;269.39;87.62;1005.57;1.39;190.98;0.002171;0.150452;0.011715;865.3029
2019-12-25;24:00;271.05;53.29;1007.81;2.60;351.33;0.002813;0.018645;0.010545;2105.2130
2019-12-26;24:00;268.82;47.17;1005.12;2.97;297.39;0.000000;0.000000;0.009586;2405.0870
2019-12-27;24:00;270.52;53.64;1001.76;0.46;356.72;0.000000;0.000000;0.008031;2317.1720
2019-12-28;24:00;270.52;75.93;999.81;1.46;55.54;0.000000;0.118966;0.006824;2148.9750
2019-12-29;24:00;269.94;48.07;1008.13;6.11;343.27;0.000014;0.001922;0.005672;1810.3150
2019-12-30;24:00;261.20;37.66;1022.03;6.11;329.99;0.000000;0.000000;0.005203;2802.6380
2019-12-31;24:00;263.57;43.36;1014.73;1.28;221.94;0.000000;0.000000;0.005063;2698.9540
2020-01-01;24:00;266.69;47.95;1012.05;0.78;22.42;0.000000;0.000000;0.004847;2353.8580
2020-01-02;24:00;270.29;48.98;1011.55;2.25;333.10;0.000000;0.000000;0.004215;2269.8280
2020-01-03;24:00;272.08;53.58;1008.66;2.75;317.63;0.000000;0.000000;0.003235;2588.4230
2020-01-04;24:00;272.34;55.62;1011.08;0.92;54.77;0.000000;0.000784;0.002370;2603.2120
2020-01-05;24:00;271.81;76.86;1010.30;0.75;62.23;0.217452;2.141190;0.012387;1197.8280
2020-01-06;24:00;272.31;64.92;1006.48;3.27;345.64;0.002252;0.009798;0.022517;1954.6140
2020-01-07;24:00;269.61;56.19;1007.85;4.33;333.21;0.000000;0.000000;0.020978;869.5291
2020-01-08;24:00;269.42;51.85;1009.76;2.38;324.30;0.000000;0.000000;0.017937;2792.8050
2020-01-09;24:00;270.47;58.50;1007.60;0.92;297.13;0.000000;0.000001;0.014640;2509.4470
2020-01-10;24:00;269.78;48.71;1007.37;4.74;329.56;0.000000;0.000001;0.012046;2775.3920
2020-01-11;24:00;268.84;49.74;1007.42;0.62;34.52;0.000000;0.001473;0.011481;886.9132
2020-01-12;24:00;267.56;54.11;1005.90;2.05;335.32;0.000001;0.000233;0.010632;2378.5000
2020-01-13;24:00;266.35;45.85;1008.76;4.55;338.08;0.000000;0.000002;0.009970;2972.3470
2020-01-14;24:00;266.77;48.36;1010.76;1.10;289.30;0.000000;0.000000;0.009370;2975.5940
2020-01-15;24:00;268.23;51.27;1011.14;2.07;324.66;0.000000;0.000000;0.008459;2702.4160
2020-01-16;24:00;269.30;53.64;1011.10;1.30;47.75;0.000000;0.000031;0.007902;2266.2820
2020-01-17;24:00;269.78;56.68;1006.85;1.64;309.53;0.000000;0.000026;0.006704;2268.1750
2020-01-18;24:00;269.54;56.78;1003.03;2.99;294.99;0.001852;0.000001;0.005956;1689.7660
2020-01-19;24:00;270.32;45.01;1003.67;4.13;304.71;0.000000;0.000000;0.004801;2981.4110
2020-01-20;24:00;270.29;44.87;1007.81;1.68;243.89;0.000000;0.000000;0.003744;3182.4670
2020-01-21;24:00;271.26;54.66;1004.98;0.65;166.65;0.000027;0.000010;0.003025;2151.2030
2020-01-22;24:00;272.49;59.29;1004.81;0.87;321.88;0.000000;0.000002;0.002256;2560.4860
2020-01-23;24:00;272.74;53.69;1013.65;1.65;55.94;0.000000;0.000000;0.001536;3068.5660
2020-01-24;24:00;270.49;65.69;1016.51;1.86;170.59;0.000001;0.000007;0.001185;2807.7970
2020-01-25;24:00;272.01;58.68;1013.36;0.70;1.13;0.000000;0.000628;0.000870;2802.9550
2020-01-26;24:00;272.32;61.02;1011.57;0.36;65.27;0.000001;0.000185;0.000692;2253.4400
2020-01-27;24:00;273.19;63.18;1005.26;0.31;101.90;0.001085;0.000546;0.000602;1117.3000
2020-01-28;24:00;273.66;62.98;1006.51;0.77;45.26;0.021412;0.001936;0.000603;1233.5330
2020-01-29;24:00;273.42;54.86;1007.11;0.88;128.34;0.000016;0.000003;0.000443;3008.4460
2020-01-30;24:00;271.97;54.36;1004.85;2.00;190.81;0.000000;0.000000;0.000284;3181.8050
2020-01-31;24:00;273.08;47.49;1005.95;3.43;334.83;0.000000;0.000000;0.000182;3051.6070
2020-02-01;24:00;272.69;52.60;1009.76;0.76;126.73;0.003598;1.551260;0.001603;3336.6040
2020-02-02;24:00;269.99;51.75;1010.20;2.49;333.69;0.029734;0.233291;0.007821;2067.0790
2020-02-03;24:00;269.49;43.61;1007.19;1.19;235.26;0.000000;0.000000;0.006835;3453.5000
2020-02-04;24:00;267.85;39.38;1013.86;1.89;39.22;0.000000;0.000000;0.005999;3738.2690
2020-02-05;24:00;266.02;53.06;1017.27;3.00;125.12;0.000000;0.347724;0.007426;3446.9270
2020-02-06;24:00;266.35;78.28;1012.66;0.65;158.00;0.000000;0.342002;0.015254;1781.4090
2020-02-07;24:00;270.84;51.90;1011.06;2.40;315.50;0.000000;0.000139;0.011539;3602.5730
2020-02-08;24:00;272.88;50.63;1010.40;1.40;271.12;0.000000;0.005773;0.007073;3810.7150
2020-02-09;24:00;275.72;48.87;1001.70;2.84;308.85;0.000000;0.000047;0.003931;3675.2620
2020-02-10;24:00;275.98;60.72;999.81;0.78;118.11;0.000000;0.014846;0.001963;3618.0880
2020-02-11;24:00;275.93;76.07;998.61;0.63;117.78;0.011155;0.047732;0.001033;3246.2460
2020-02-12;24:00;276.57;78.10;994.58;0.83;111.62;0.031533;0.065451;0.000524;3208.2390
2020-02-13;24:00;277.22;77.34;996.50;3.15;65.89;3.708569;11.686064;0.006678;3256.8750
2020-02-14;24:00;267.87;74.70;1010.48;4.36;28.09;0.000000;5.751788;0.103526;1097.7530
2020-02-15;24:00;267.14;54.78;1010.19;7.26;335.82;0.000000;0.001826;0.103046;4160.0080
2020-02-16;24:00;267.78;56.61;1010.51;5.66;344.02;0.000026;0.000075;0.089344;4321.3490
2020-02-17;24:00;272.18;57.23;1009.65;4.05;329.79;0.000000;0.000000;0.058935;4365.4100
2020-02-18;24:00;274.64;55.13;1005.81;0.41;317.01;0.000000;0.004249;0.031157;3916.2870
2020-02-19;24:00;273.91;68.64;1009.52;2.26;67.85;0.000998;0.012545;0.016936;3410.4670
2020-02-20;24:00;274.63;74.31;1010.05;0.57;153.57;0.147922;0.008350;0.010015;2717.5050
2020-02-21;24:00;274.12;42.63;1008.75;4.62;314.39;0.000105;0.001369;0.005758;3383.6330
2020-02-22;24:00;274.64;38.42;1009.25;2.08;268.61;0.000000;0.000000;0.002905;4640.9090
2020-02-23;24:00;276.30;53.30;1000.75;0.98;71.25;0.000000;0.000000;0.001340;3798.5440
2020-02-24;24:00;277.03;59.52;1002.36;2.88;73.91;0.430712;0.000000;0.000683;2141.7800
2020-02-25;24:00;276.15;58.55;1007.56;2.25;143.98;0.000343;0.000028;0.000306;4026.7450
2020-02-26;24:00;274.88;58.84;1014.01;2.34;162.88;0.000000;0.000912;0.000128;4084.0530
2020-02-27;24:00;273.90;63.42;1006.70;3.56;187.23;0.022835;0.007408;0.000047;2723.7230
2020-02-28;24:00;275.78;77.16;999.27;1.92;156.52;0.002785;0.409940;0.000007;3873.3830
2020-02-29;24:00;274.16;87.53;1002.09;1.36;130.71;0.797692;0.305878;0.000525;1682.8920
2020-03-01;24:00;274.88;41.26;1007.14;4.21;344.81;0.000009;0.000077;0.000414;4656.2210
2020-03-02;24:00;275.49;53.80;1003.27;1.68;174.10;1.699028;0.635342;0.002410;4599.4600
2020-03-03;24:00;272.78;37.65;1008.87;5.92;340.31;0.000016;0.000006;0.003450;5183.3470
2020-03-04;24:00;272.35;40.32;1010.58;0.52;256.28;0.000000;0.000000;0.002412;5290.9260
2020-03-05;24:00;275.00;54.77;999.73;3.11;194.13;0.000000;0.006114;0.001095;4720.9980
2020-03-06;24:00;276.47;75.32;995.82;1.48;339.42;2.873479;0.000150;0.000573;3363.3650
2020-03-07;24:00;278.53;54.36;997.88;0.78;113.44;0.067522;0.190337;0.000159;5147.9880
2020-03-08;24:00;277.47;80.70;997.23;1.46;48.77;6.283720;0.017007;0.001236;3056.9980
2020-03-09;24:00;276.80;59.73;1000.69;1.02;9.05;0.044297;0.000000;0.001739;4106.0240
2020-03-10;24:00;276.83;31.24;999.10;2.46;339.93;0.000000;0.000000;0.000559;5377.2240
2020-03-11;24:00;279.55;42.63;993.13;1.13;223.63;0.000000;0.000000;0.000160;5135.2980
2020-03-12;24:00;277.56;39.81;1006.10;3.78;24.49;0.000005;0.000000;0.000045;3624.7810
2020-03-13;24:00;276.76;30.68;1004.75;4.34;294.42;0.000000;0.000000;0.000003;5757.1120
2020-03-14;24:00;279.93;36.16;998.09;5.81;325.61;0.000000;0.000000;0.000000;5740.8400
2020-03-15;24:00;279.66;49.47;1003.12;1.65;71.19;0.000000;0.000082;0.000000;5711.5610
2020-03-16;24:00;281.05;42.62;997.91;2.24;294.17;0.000000;0.000000;0.000000;5470.3610
2020-03-17;24:00;284.92;36.91;991.91;2.34;285.86;0.000000;0.000000;0.000000;5827.9910
2020-03-18;24:00;284.08;25.38;989.15;7.18;315.85;0.000000;0.000000;0.000000;5363.7370
2020-03-19;24:00;281.10;32.53;991.72;1.77;279.39;0.000000;0.000000;0.000000;6080.0640
2020-03-20;24:00;284.39;36.72;988.66;3.43;355.68;0.000001;0.000000;0.000000;5060.9350
2020-03-21;24:00;282.56;44.62;997.49;1.74;341.06;0.000000;0.000000;0.000000;5403.7460
2020-03-22;24:00;285.12;31.51;999.24;3.22;315.74;0.000000;0.000000;0.000000;6153.1960
2020-03-23;24:00;284.75;37.44;1000.93;1.89;118.20;0.030124;0.000000;0.000000;5889.1680
2020-03-24;24:00;285.09;55.68;994.96;1.67;180.96;0.021577;0.000000;0.000000;4127.0630
2020-03-25;24:00;286.88;56.71;993.43;1.44;40.64;5.694574;0.000000;0.000955;4892.7590
2020-03-26;24:00;277.12;37.61;1007.47;5.50;352.03;0.450843;0.000000;0.009574;2950.4140
2020-03-27;24:00;276.87;28.87;1009.47;4.94;338.02;0.000000;0.000000;0.003041;6671.6670
2020-03-28;24:00;279.56;30.14;1004.35;2.63;207.92;0.000001;0.000000;0.000590;6539.1240
2020-03-29;24:00;282.10;43.05;998.53;3.43;210.17;0.000004;0.000000;0.000102;5411.9630
2020-03-30;24:00;283.83;51.97;996.88;3.32;203.06;0.000020;0.000000;0.000008;4711.3470
2020-03-31;24:00;284.06;45.62;1002.66;3.34;32.47;0.155850;0.000000;0.000000;4907.2190
2020-04-01;24:00;281.26;29.03;1005.86;1.74;288.94;0.000000;0.000000;0.000000;6219.6970
2020-04-02;24:00;284.54;26.94;1002.93;3.44;317.76;0.000000;0.000000;0.000000;6891.4190
2020-04-03;24:00;286.97;28.09;1004.32;2.90;359.61;0.000000;0.000000;0.000000;6819.6040
2020-04-04;24:00;281.53;35.35;1010.42;2.21;146.38;0.000000;0.000000;0.000000;6761.3210
2020-04-05;24:00;284.80;43.24;1003.02;2.50;186.62;0.000205;0.000000;0.000000;6109.9570
2020-04-06;24:00;287.87;37.27;999.54;1.47;71.87;0.001421;0.000000;0.000000;5901.2690
2020-04-07;24:00;283.00;42.22;1002.25;2.04;143.95;0.000000;0.000000;0.000000;6136.8680
2020-04-08;24:00;282.78;41.73;1004.64;2.03;115.41;2.326226;0.000000;0.000002;5895.2230
2020-04-09;24:00;280.86;57.94;1009.45;0.52;209.64;0.305736;0.000000;0.000001;4150.9330
2020-04-10;24:00;282.90;42.97;1008.51;2.24;322.13;0.174394;0.000000;0.000000;4937.4570
2020-04-11;24:00;286.86;23.12;1002.63;5.26;357.25;0.000000;0.000000;0.000000;7209.0520
2020-04-12;24:00;287.96;27.00;1000.83;2.12;19.04;0.000000;0.000000;0.000000;7089.8040
2020-04-13;24:00;290.35;25.65;996.32;1.09;192.53;0.000000;0.000000;0.000000;6945.4250
2020-04-14;24:00;290.65;36.44;991.13;2.32;180.48;0.000033;0.000000;0.000000;5242.9850
2020-04-15;24:00;288.10;56.83;989.28;0.75;46.45;35.474807;0.000000;0.001443;3639.6550
2020-04-16;24:00;285.92;44.07;990.12;5.48;319.07;0.000044;0.000000;0.001123;6294.1080
2020-04-17;24:00;287.33;44.18;998.87;3.85;1.63;0.000671;0.000000;0.000050;6419.5780
2020-04-18;24:00;287.79;49.17;997.51;1.87;184.55;0.034568;0.000000;0.000000;4076.5250
2020-04-19;24:00;287.15;46.37;991.38;3.50;289.93;1.793655;0.000000;0.000000;5525.6810
2020-04-20;24:00;281.14;24.71;1001.03;7.07;331.22;0.000002;0.000000;0.000000;7613.7800
2020-04-21;24:00;279.42;19.67;1004.11;7.48;326.30;0.000000;0.000000;0.000000;7878.3860
2020-04-22;24:00;281.01;22.60;1004.36;7.00;332.80;0.000000;0.000000;0.000000;7862.5880
2020-04-23;24:00;283.58;22.00;998.96;5.58;315.96;0.000000;0.000000;0.000000;7940.8180
2020-04-24;24:00;290.67;20.83;988.77;5.74;322.38;0.000000;0.000000;0.000000;7789.4210
2020-04-25;24:00;287.12;30.52;998.63;3.65;8.95;0.000215;0.000000;0.000000;7113.9020
2020-04-26;24:00;288.12;32.04;1001.56;1.14;39.82;0.000705;0.000000;0.000000;7313.1460
2020-04-27;24:00;290.04;29.02;999.80;1.68;262.47;0.000000;0.000000;0.000000;7337.4060
2020-04-28;24:00;292.97;28.38;990.86;2.87;219.96;0.000000;0.000000;0.000000;7370.1080
2020-04-29;24:00;294.42;37.65;989.03;1.21;156.86;0.000000;0.000000;0.000000;6452.8500
2020-04-30;24:00;296.91;35.21;985.71;1.21;183.38;0.007628;0.000000;0.000000;7223.5550
2020-05-01;24:00;298.77;40.02;983.80;2.49;186.71;0.000000;0.000000;0.000000;7009.5910
2020-05-02;24:00;297.05;48.89;983.21;3.54;160.27;0.106622;0.000000;0.000000;6836.0530
2020-05-03;24:00;293.06;57.59;992.56;2.43;68.94;8.608550;0.000000;0.000000;5652.1100
2020-05-04;24:00;287.08;66.36;996.21;2.25;204.85;0.037804;0.000000;0.000000;3669.9750
2020-05-05;24:00;292.67;47.08;992.05;1.52;163.45;0.018638;0.000000;0.000000;7172.2660
2020-05-06;24:00;292.36;44.87;994.77;2.73;125.59;0.207704;0.000000;0.000000;6681.0430
2020-05-07;24:00;290.19;70.19;993.52;2.25;130.78;15.814109;0.000000;0.000000;3342.1270
2020-05-08;24:00;286.18;78.86;993.66;1.59;103.78;1.259953;0.000000;0.000000;2705.0900
2020-05-09;24:00;291.14;46.27;988.84;1.93;294.91;0.000701;0.000000;0.000000;5038.8880
2020-05-10;24:00;291.33;24.40;993.19;6.64;320.87;0.000001;0.000000;0.000000;8052.8600
2020-05-11;24:00;292.52;26.10;986.26;5.32;307.75;0.000000;0.000000;0.000000;8319.2710
2020-05-12;24:00;293.81;23.86;990.21;2.54;291.97;0.000000;0.000000;0.000000;8328.3760
2020-05-13;24:00;295.89;36.97;987.68;2.92;192.78;0.000000;0.000000;0.000000;6927.1770
2020-05-14;24:00;295.21;50.26;985.98;3.52;153.07;0.488371;0.000000;0.000000;7107.5890
2020-05-15;24:00;292.02;65.35;986.48;3.74;149.99;2.018126;0.000000;0.000000;5125.7750
2020-05-16;24:00;291.54;32.12;984.58;3.20;331.29;0.178178;0.000000;0.000000;6410.0180
2020-05-17;24:00;288.75;36.62;986.13;3.28;310.96;0.598647;0.000000;0.000000;4112.7410
2020-05-18;24:00;292.26;29.26;986.47;4.01;1.09;0.000005;0.000000;0.000000;8322.9420
2020-05-19;24:00;295.76;30.94;986.60;0.85;208.11;0.000039;0.000000;0.000000;7896.7500
2020-05-20;24:00;295.50;40.62;988.81;2.22;79.54;0.285623;0.000000;0.000000;6529.9700
2020-05-21;24:00;290.87;73.27;986.49;1.21;77.42;12.839530;0.000000;0.000000;4437.2980
2020-05-22;24:00;295.80;43.13;986.68;4.34;345.53;7.010269;0.000000;0.000000;7426.4420
2020-05-23;24:00;293.30;42.01;990.42;4.47;332.99;0.006215;0.000000;0.000000;7695.4750
2020-05-24;24:00;295.86;33.87;991.85;2.36;330.63;0.000004;0.000000;0.000000;8156.1510
2020-05-25;24:00;291.87;55.52;992.65;2.65;347.23;4.607788;0.000000;0.000000;4946.5690
2020-05-26;24:00;294.22;35.49;990.22;1.76;298.00;0.000059;0.000000;0.000000;8342.0250
2020-05-27;24:00;295.41;36.59;988.10;1.21;350.75;0.029526;0.000000;0.000000;8247.8960
2020-05-28;24:00;297.61;34.89;986.66;2.16;166.44;0.003603;0.000000;0.000000;7893.4470
2020-05-29;24:00;296.83;47.42;989.74;2.39;119.88;0.001252;0.000000;0.000000;6325.1340
2020-05-30;24:00;296.38;54.32;990.10;3.89;191.04;8.797154;0.000000;0.000000;5348.4760
2020-05-31;24:00;293.43;35.64;989.34;4.44;314.96;0.011665;0.000000;0.000000;8293.6860
2020-06-01;24:00;295.40;48.61;984.55;2.37;214.76;14.092891;0.000000;0.000000;7646.8340
2020-06-02;24:00;298.64;30.88;981.15;1.96;260.78;0.000000;0.000000;0.000000;8470.5570
2020-06-03;24:00;299.40;23.15;981.66;4.54;340.25;0.000000;0.000000;0.000000;8471.2320
2020-06-04;24:00;297.08;35.42;987.58;1.89;99.80;0.000001;0.000000;0.000000;7941.0110
2020-06-05;24:00;297.28;39.06;990.24;2.41;126.39;2.130670;0.000000;0.000000;8140.8170
2020-06-06;24:00;298.05;42.77;987.97;2.12;148.48;0.000021;0.000000;0.000000;7869.4770
2020-06-07;24:00;301.34;40.82;986.27;2.73;187.76;0.000000;0.000000;0.000000;7436.4920
2020-06-08;24:00;301.41;42.09;989.95;2.30;217.22;0.007312;0.000000;0.000000;4866.9140
2020-06-09;24:00;297.26;62.94;991.86;2.59;98.93;1.000995;0.000000;0.000000;4723.1680
2020-06-10;24:00;299.59;38.93;987.01;0.90;315.09;0.006971;0.000000;0.000000;7501.9470
2020-06-11;24:00;297.35;55.33;986.78;1.57;13.84;12.744418;0.000000;0.000000;3994.4460
2020-06-12;24:00;299.76;48.43;983.38;1.98;187.61;0.000248;0.000000;0.000000;5750.8060
2020-06-13;24:00;299.80;36.40;986.09;3.23;318.62;0.125793;0.000000;0.000000;6384.1040
2020-06-14;24:00;300.62;27.13;988.99;1.93;284.49;0.000000;0.000000;0.000000;8702.7720
2020-06-15;24:00;302.12;27.43;987.57;0.50;260.28;0.000000;0.000000;0.000000;6555.4070
2020-06-16;24:00;300.31;33.43;985.77;2.75;217.66;0.000000;0.000000;0.000000;5795.2350
2020-06-17;24:00;298.98;39.16;984.45;3.72;215.22;0.000002;0.000000;0.000000;5042.9170
2020-06-18;24:00;298.73;55.59;987.60;0.75;139.96;0.848626;0.000000;0.000000;5962.7090
2020-06-19;24:00;300.83;40.41;987.99;3.83;204.37;0.011888;0.000000;0.000000;7457.9550
2020-06-20;24:00;301.04;48.39;985.39;3.75;190.65;0.113848;0.000000;0.000000;6193.3270
2020-06-21;24:00;303.08;40.11;984.45;4.38;192.05;0.006040;0.000000;0.000000;7448.3810
2020-06-22;24:00;300.99;44.52;985.77;3.03;179.23;0.688578;0.000000;0.000000;5125.7500
2020-06-23;24:00;298.85;49.43;986.02;2.78;146.90;0.050044;0.000000;0.000000;5184.5050
2020-06-24;24:00;299.45;54.56;984.58;2.68;171.06;5.716955;0.000000;0.000000;6987.0660
2020-06-25;24:00;297.24;68.05;984.47;2.71;150.31;1.465509;0.000000;0.000000;6114.9170
2020-06-26;24:00;297.31;65.14;985.95;1.79;159.12;0.323847;0.000000;0.000000;5147.2550
2020-06-27;24:00;300.24;50.85;987.28;1.68;120.33;0.029007;0.000000;0.000000;7700.3400
2020-06-28;24:00;299.38;54.68;985.86;1.50;133.53;4.125650;0.000000;0.000000;5287.0770
2020-06-29;24:00;295.36;67.92;983.96;0.81;6.04;13.375044;0.000000;0.000000;3265.9980
2020-06-30;24:00;299.96;43.36;984.88;0.75;299.77;0.000816;0.000000;0.000000;7202.8340
2020-07-01;24:00;300.40;55.44;986.66;1.21;148.29;0.569495;0.000000;0.000000;5485.5040
2020-07-02;24:00;296.28;75.90;990.56;2.02;87.17;9.551642;0.000000;0.000000;2952.9430
2020-07-03;24:00;295.54;78.72;990.66;1.70;142.51;6.731971;0.000000;0.000000;3830.2510
2020-07-04;24:00;297.22;75.86;984.01;2.83;206.51;3.392626;0.000000;0.000000;3970.0830
2020-07-05;24:00;298.86;66.56;979.63;1.19;37.33;2.401387;0.000000;0.000000;5760.1990
2020-07-06;24:00;299.69;57.00;983.02;1.05;11.87;0.066443;0.000000;0.000000;7774.0900
2020-07-07;24:00;299.93;44.13;989.03;1.35;88.13;0.006267;0.000000;0.000000;8183.1590
2020-07-08;24:00;299.87;55.46;985.44;2.80;170.51;0.555579;0.000000;0.000000;6456.4320
2020-07-09;24:00;293.49;77.00;985.29;0.80;46.17;1.686354;0.000000;0.000000;2550.9160
2020-07-10;24:00;297.13;69.23;986.52;1.80;159.21;0.367615;0.000000;0.000000;5869.5050
2020-07-11;24:00;297.94;78.72;989.06;2.20;156.33;4.240832;0.000000;0.000000;3822.5240
2020-07-12;24:00;296.84;73.42;989.42;1.06;57.08;1.164470;0.000000;0.000000;4345.8920
2020-07-13;24:00;297.44;66.45;989.25;0.31;289.65;0.352362;0.000000;0.000000;5065.1350
2020-07-14;24:00;299.89;59.77;987.90;1.14;234.50;0.190184;0.000000;0.000000;7296.6510
2020-07-15;24:00;301.27;51.87;985.60;2.10;207.68;0.000341;0.000000;0.000000;7821.0920
2020-07-16;24:00;301.70;57.42;984.70;3.51;195.07;0.035039;0.000000;0.000000;6698.2080
2020-07-17;24:00;299.19;70.79;985.39;2.39;190.29;6.064880;0.000000;0.000000;5684.0750
2020-07-18;24:00;296.90;74.73;986.17;1.31;116.01;1.236948;0.000000;0.000000;4790.9620
2020-07-19;24:00;299.35;47.96;984.52;1.45;4.99;0.001761;0.000000;0.000000;7599.3300
2020-07-20;24:00;301.23;51.30;987.93;1.85;188.89;0.000000;0.000000;0.000000;7469.2980
2020-07-21;24:00;300.15;56.72;990.46;2.36;189.16;0.003883;0.000000;0.000000;5305.0740
2020-07-22;24:00;299.88;55.12;988.39;1.51;119.84;0.030153;0.000000;0.000000;6160.0770
2020-07-23;24:00;301.31;52.10;990.39;0.68;39.86;0.000021;0.000000;0.000000;7637.9690
2020-07-24;24:00;303.87;43.26;988.10;1.21;274.89;0.000000;0.000000;0.000000;7767.6670
2020-07-25;24:00;302.30;44.30;986.77;2.18;226.76;0.444271;0.000000;0.000000;4785.8300
2020-07-26;24:00;295.56;76.31;987.97;2.91;153.88;18.104987;0.000000;0.000000;3462.9830
2020-07-27;24:00;296.17;78.94;988.41;2.58;160.75;5.240542;0.000000;0.000000;4003.3590
2020-07-28;24:00;298.95;68.83;989.69;1.79;171.27;1.843208;0.000000;0.000000;5789.7820
2020-07-29;24:00;301.61;62.18;990.60;1.97;190.03;0.318014;0.000000;0.000000;6917.8310
2020-07-30;24:00;302.26;60.08;989.99;2.97;198.09;0.128458;0.000000;0.000000;5825.5690
2020-07-31;24:00;301.53;69.80;987.89;2.73;176.30;1.442044;0.000000;0.000000;6203.3910
2020-08-01;24:00;300.14;81.52;985.32;2.33;185.92;8.191732;0.000000;0.000000;3782.6740
2020-08-02;24:00;301.05;70.90;981.84;1.11;209.51;1.436307;0.000000;0.000000;6116.8130
2020-08-03;24:00;302.27;45.27;983.15;2.38;302.64;0.001133;0.000000;0.000000;7472.2290
2020-08-04;24:00;303.60;48.35;986.43;0.25;245.45;0.011201;0.000000;0.000000;6129.4790
2020-08-05;24:00;300.32;72.23;988.79;1.10;73.56;3.571464;0.000000;0.000000;4787.2960
2020-08-06;24:00;300.38;68.39;988.52;1.14;116.96;0.124880;0.000000;0.000000;4712.7360
2020-08-07;24:00;300.12;59.39;985.82;1.68;146.91;0.000035;0.000000;0.000000;6926.4430
2020-08-08;24:00;298.96;66.39;981.32;0.84;159.65;13.293522;0.000000;0.000000;5162.3080
2020-08-09;24:00;301.58;63.81;979.26;2.45;201.08;1.983974;0.000000;0.000000;6876.9810
2020-08-10;24:00;299.90;64.88;983.42;1.23;238.52;0.545772;0.000000;0.000000;6913.3760
2020-08-11;24:00;302.20;65.18;988.64;1.60;181.64;2.317625;0.000000;0.000000;6418.0750
2020-08-12;24:00;299.31;83.56;985.83;3.63;125.05;43.956324;0.000000;0.000000;3142.2800
2020-08-13;24:00;299.69;71.17;981.07;1.72;271.78;0.087665;0.000000;0.000000;6674.1450
2020-08-14;24:00;301.26;61.72;983.79;2.03;239.95;0.964392;0.000000;0.000000;5080.1670
2020-08-15;24:00;297.75;72.48;987.93;0.84;131.89;2.132600;0.000000;0.000000;4929.2200
2020-08-16;24:00;297.21;80.77;990.07;1.91;183.77;11.878610;0.000000;0.000000;3848.5840
2020-08-17;24:00;298.26;84.18;989.28;1.19;227.42;6.796544;0.000000;0.000000;3788.7020
2020-08-18;24:00;294.67;80.03;990.47;3.90;344.46;10.254323;0.000000;0.000000;2390.4930
2020-08-19;24:00;294.82;80.79;995.57;1.32;90.31;4.113677;0.000000;0.000000;3643.6500
2020-08-20;24:00;293.99;67.09;998.94;1.10;105.20;0.031175;0.000000;0.000000;5625.1600
2020-08-21;24:00;295.00;65.40;997.06;1.72;193.53;0.000058;0.000000;0.000000;6712.3410
2020-08-22;24:00;295.36;69.95;990.94;2.78;197.98;0.007727;0.000000;0.000000;5628.6240
2020-08-23;24:00;296.48;80.75;983.38;0.30;33.28;81.708624;0.000000;0.000000;3763.9340
2020-08-24;24:00;297.36;68.84;982.06;2.01;334.77;1.208540;0.000000;0.000000;6270.3010
2020-08-25;24:00;299.27;62.38;986.11;0.67;21.20;0.001378;0.000000;0.000000;5900.3680
2020-08-26;24:00;296.82;77.33;985.69;1.17;37.83;0.010311;0.000000;0.000000;3747.5230
2020-08-27;24:00;297.28;69.54;984.24;0.98;59.44;0.311664;0.000000;0.000000;5837.5990
2020-08-28;24:00;297.64;74.17;988.24;1.21;177.99;0.468062;0.000000;0.000000;5814.9340
2020-08-29;24:00;298.36;79.95;991.69;2.02;158.71;3.073261;0.000000;0.000000;4614.0710
2020-08-30;24:00;298.03;77.99;992.39;2.18;156.35;3.350364;0.000000;0.000000;4932.2680
2020-08-31;24:00;293.93;75.63;991.79;2.98;335.92;2.514272;0.000000;0.000000;3634.3110
2020-09-01;24:00;297.11;53.74;990.02;3.08;327.10;0.255675;0.000000;0.000000;6601.7920
2020-09-02;24:00;294.11;53.52;990.82;4.42;339.61;0.000550;0.000000;0.000000;6466.0020
2020-09-03;24:00;293.31;55.90;988.68;4.08;331.23;0.233351;0.000000;0.000000;6086.5090
2020-09-04;24:00;295.05;52.27;987.53;2.00;249.67;0.000010;0.000000;0.000000;6537.1710
2020-09-05;24:00;296.59;55.52;989.58;0.91;67.97;0.026704;0.000000;0.000000;6289.9080
2020-09-06;24:00;296.45;64.79;990.57;0.69;92.54;0.079156;0.000000;0.000000;4637.8430
2020-09-07;24:00;297.14;62.88;989.80;2.76;358.36;1.201070;0.000000;0.000000;5790.0050
2020-09-08;24:00;295.84;51.47;992.86;4.13;339.14;0.010933;0.000000;0.000000;6266.4340
2020-09-09;24:00;296.06;46.99;990.43;3.32;341.71;0.000003;0.000000;0.000000;6417.5110
2020-09-10;24:00;292.96;67.52;993.77;4.21;3.32;1.438170;0.000000;0.000000;4565.0600
2020-09-11;24:00;293.45;68.11;999.00;4.47;35.66;2.163151;0.000000;0.000000;4801.0380
2020-09-12;24:00;293.56;69.64;1002.00;2.09;74.96;1.795296;0.000000;0.000000;4835.7250
2020-09-13;24:00;294.52;69.00;998.23;1.83;190.57;1.067184;0.000000;0.000000;4869.5030
2020-09-14;24:00;293.84;76.62;994.29;0.94;81.53;47.249964;0.000000;0.000000;3261.4540
2020-09-15;24:00;291.08;78.25;987.89;1.86;316.18;30.404952;0.000000;0.000000;3164.6250
2020-09-16;24:00;290.56;48.04;991.29;4.74;305.63;0.000001;0.000000;0.000000;6283.2070
2020-09-17;24:00;291.52;48.68;993.53;4.17;322.96;0.000001;0.000000;0.000000;6057.0130
2020-09-18;24:00;292.02;46.26;996.08;2.77;323.83;0.000000;0.000000;0.000000;6089.0830
2020-09-19;24:00;292.90;47.45;997.47;1.66;11.81;0.000000;0.000000;0.000000;5858.3220
2020-09-20;24:00;292.87;58.24;1000.05;1.52;145.86;0.000125;0.000000;0.000000;5573.2780
2020-09-21;24:00;293.38;69.30;998.51;1.08;168.88;2.752554;0.000000;0.000000;4197.6400
2020-09-22;24:00;292.64;66.84;1000.05;1.74;90.76;0.134376;0.000000;0.000000;4416.7720
2020-09-23;24:00;289.34;88.19;999.28;1.83;43.89;10.467274;0.000000;0.000000;1866.7220
2020-09-24;24:00;290.59;74.22;997.91;0.86;27.68;0.104539;0.000000;0.000000;4573.3640
2020-09-25;24:00;291.40;73.82;999.27;0.53;187.76;0.046901;0.000000;0.000000;4808.5850
2020-09-26;24:00;291.76;70.21;1000.35;1.50;193.81;0.000225;0.000000;0.000000;5128.0600
2020-09-27;24:00;292.26;71.84;998.50;1.93;192.78;0.017848;0.000000;0.000000;4776.5070
2020-09-28;24:00;292.31;77.84;995.76;0.07;121.85;31.845085;0.000000;0.000000;3142.9850
2020-09-29;24:00;285.77;68.71;999.29;1.24;28.35;1.566089;0.000000;0.000000;2888.8820
2020-09-30;24:00;287.89;67.46;995.60;1.97;166.55;10.648966;0.000000;0.000000;4425.2300
2020-10-01;24:00;286.63;62.79;992.99;2.28;298.88;0.011191;0.000000;0.000000;4324.1890
2020-10-02;24:00;285.93;48.93;998.10;3.02;335.83;0.000000;0.000000;0.000000;4965.7910
2020-10-03;24:00;285.90;48.39;998.22;3.03;301.59;0.000003;0.000000;0.000000;4848.6150
2020-10-04;24:00;282.77;49.91;1004.18;5.21;327.33;0.000000;0.000000;0.000000;5374.0880
2020-10-05;24:00;284.17;46.84;1004.26;1.58;294.17;0.000000;0.000000;0.000000;5261.9290
2020-10-06;24:00;286.68;56.90;1004.23;1.19;210.61;0.000000;0.000000;0.000000;4108.3600
2020-10-07;24:00;286.92;61.69;1007.16;1.49;171.19;0.000298;0.000000;0.000000;4145.6650
2020-10-08;24:00;286.60;66.72;1007.03;1.28;206.42;0.000094;0.000000;0.000000;2434.2090
2020-10-09;24:00;287.77;68.57;1002.34;1.03;205.24;0.001092;0.000000;0.000000;3509.9710
2020-10-10;24:00;288.30;74.73;999.00;1.28;210.63;0.004368;0.000000;0.000000;3383.2420
2020-10-11;24:00;283.22;51.73;1002.17;4.21;349.45;0.000073;0.000000;0.000000;2958.4030
2020-10-12;24:00;283.39;47.17;1001.61;1.91;251.18;0.000000;0.000000;0.000000;4841.0700
2020-10-13;24:00;284.49;40.18;1007.52;3.74;357.87;0.000008;0.000000;0.000000;4642.3660
2020-10-14;24:00;281.80;60.91;1008.47;1.31;194.53;0.011382;0.000000;0.000000;3916.7800
2020-10-15;24:00;284.34;60.02;1005.76;1.23;331.93;0.004115;0.000000;0.000000;4178.0960
2020-10-16;24:00;283.66;43.88;1005.45;3.49;312.37;0.000000;0.000000;0.000000;4798.6910
2020-10-17;24:00;285.03;44.26;1002.79;2.32;289.51;0.000000;0.000000;0.000000;4639.8390
2020-10-18;24:00;285.56;48.32;1004.56;1.11;25.22;0.000000;0.000000;0.000000;4406.1490
2020-10-19;24:00;286.20;53.05;1004.33;1.79;225.12;0.000021;0.000000;0.000000;4146.3000
2020-10-20;24:00;284.24;62.50;999.18;1.44;282.14;0.000002;0.000000;0.000000;2260.6450
2020-10-21;24:00;280.74;40.11;1000.82;4.58;338.86;0.000000;0.000000;0.000000;4538.5520
2020-10-22;24:00;280.09;40.04;1004.86;4.83;334.89;0.000000;0.000000;0.000000;4455.2310
2020-10-23;24:00;281.64;45.95;1004.15;2.11;309.74;0.000000;0.000000;0.000000;4361.9350
2020-10-24;24:00;284.17;48.68;1000.85;1.56;212.93;0.000000;0.000000;0.000000;4202.8960
2020-10-25;24:00;285.95;59.15;999.13;0.58;109.37;0.000000;0.000000;0.000000;3162.4800
2020-10-26;24:00;285.38;44.12;1002.47;3.90;336.18;0.000001;0.000000;0.000000;3119.9200
2020-10-27;24:00;282.70;38.86;1008.07;2.84;332.90;0.000000;0.000000;0.000000;3790.0420
2020-10-28;24:00;283.47;40.84;1008.09;1.16;311.09;0.000000;0.000000;0.000000;3345.5860
2020-10-29;24:00;282.82;52.65;1008.00;1.24;209.06;0.000035;0.000000;0.000000;2986.5190
2020-10-30;24:00;283.72;60.53;1004.66;2.44;204.26;0.391568;0.000000;0.000000;3319.4680
2020-10-31;24:00;282.99;42.84;1000.64;3.78;321.04;0.000000;0.000000;0.000000;3611.6860
2020-11-01;24:00;281.44;41.27;1003.99;3.64;335.20;0.000008;0.000000;0.000000;3896.9790
2020-11-02;24:00;276.69;36.52;1008.69;4.95;332.43;0.000000;0.000000;0.000000;3979.8910
2020-11-03;24:00;278.45;39.65;1006.25;1.67;284.05;0.000000;0.000000;0.000000;3823.0790
2020-11-04;24:00;279.98;52.86;1000.86;0.11;84.86;0.000000;0.000000;0.000000;3259.7190
2020-11-05;24:00;281.53;60.71;1000.42;0.41;226.49;0.000000;0.000000;0.000000;2683.4880
2020-11-06;24:00;281.54;40.49;998.97;3.87;298.45;0.000000;0.000000;0.000000;3553.0260
2020-11-07;24:00;279.79;34.94;1007.03;4.95;325.97;0.000000;0.000000;0.000000;3601.3660
2020-11-08;24:00;278.87;41.75;1009.52;2.83;301.25;0.000000;0.000000;0.000000;3623.6820
2020-11-09;24:00;280.66;44.92;1007.44;2.58;315.57;0.000000;0.000000;0.000000;3532.6970
2020-11-10;24:00;281.42;49.02;1008.74;0.94;192.30;0.000000;0.000000;0.000000;3179.9990
2020-11-11;24:00;281.15;69.47;1006.66;0.50;190.65;0.000000;0.000000;0.000000;2133.1510
2020-11-12;24:00;281.97;47.18;1010.81;4.58;350.93;0.000000;0.000000;0.000000;3287.0890
2020-11-13;24:00;280.96;60.39;1011.95;1.07;156.12;0.003046;0.000000;0.000000;3237.3630
2020-11-14;24:00;280.41;73.97;1007.37;0.60;61.72;0.022879;0.000000;0.000000;1629.0010
2020-11-15;24:00;280.78;74.54;1007.92;0.98;42.22;0.002001;0.000000;0.000000;1524.8690
2020-11-16;24:00;281.52;72.22;1005.44;2.29;106.15;1.590753;0.000000;0.000000;1868.5030
2020-11-17;24:00;281.55;89.35;997.49;2.41;17.50;7.507267;0.000000;0.000000;927.4379
2020-11-18;24:00;277.92;81.05;991.15;5.23;12.57;11.203268;0.000000;0.000006;372.8492
2020-11-19;24:00;274.26;59.54;1002.66;3.54;2.71;0.003986;0.000000;0.000090;2568.6210
2020-11-20;24:00;275.02;51.83;1008.83;1.17;89.85;0.029963;0.217084;0.000139;3172.3960
2020-11-21;24:00;271.87;75.85;1011.75;2.03;24.70;1.025857;2.213738;0.017514;965.1731
2020-11-22;24:00;270.05;50.21;1015.46;4.24;331.81;0.000000;0.000000;0.016965;3169.5640
2020-11-23;24:00;272.55;53.09;1012.10;2.54;314.43;0.000000;0.000000;0.012314;3071.4190
2020-11-24;24:00;273.17;54.05;1009.12;1.26;316.44;0.000000;0.000000;0.007966;2974.3530
2020-11-25;24:00;273.73;58.43;1012.92;3.18;22.72;0.001269;0.000088;0.005454;2196.9790
2020-11-26;24:00;272.49;57.25;1015.08;0.46;105.09;0.000185;0.000050;0.003785;2517.3500
2020-11-27;24:00;271.45;48.43;1019.03;3.81;348.86;0.000012;0.000005;0.002740;2951.4250
2020-11-28;24:00;270.56;53.80;1014.58;0.59;336.47;0.000000;0.008080;0.002349;2184.5450
2020-11-29;24:00;270.68;52.18;1016.16;3.30;345.71;0.000007;0.000009;0.001899;2730.6760
2020-11-30;24:00;270.58;51.87;1019.57;1.14;359.45;0.000000;0.000004;0.001543;2854.8770
2020-12-01;24:00;271.22;57.79;1017.12;0.85;13.47;0.001754;0.030974;0.001315;2006.3850
2020-12-02;24:00;269.00;51.79;1017.91;3.79;342.92;0.000022;0.001691;0.001265;1718.1730
2020-12-03;24:00;268.93;50.36;1017.22;3.77;328.11;0.000000;0.000000;0.001138;2880.8960
2020-12-04;24:00;268.49;49.96;1012.82;3.51;318.06;0.000000;0.000000;0.001027;2880.6900
2020-12-05;24:00;271.32;50.89;1009.00;1.33;290.87;0.000002;0.000088;0.000836;2758.1210
2020-12-06;24:00;270.30;49.03;1012.65;3.97;338.23;0.000002;0.000008;0.000635;2494.1700
2020-12-07;24:00;266.89;45.68;1015.39;3.94;327.89;0.000000;0.000000;0.000575;2879.4300
2020-12-08;24:00;269.42;51.31;1007.87;0.96;244.06;0.000000;0.000330;0.000519;2636.4330
2020-12-09;24:00;270.50;59.70;1003.84;2.15;295.41;0.000001;0.000000;0.000426;1985.9250
2020-12-10;24:00;272.08;54.11;1003.25;2.04;302.98;0.000000;0.000000;0.000315;2584.6820
2020-12-11;24:00;271.31;58.80;1002.11;0.26;123.85;0.000000;0.000007;0.000216;2488.9010
2020-12-12;24:00;271.09;56.02;1002.26;2.96;334.56;0.051607;0.058634;0.000601;2417.5530
2020-12-13;24:00;264.35;38.50;1015.37;4.56;333.57;0.000000;0.000001;0.001082;2852.2790
2020-12-14;24:00;264.42;43.51;1015.27;2.51;324.43;0.000000;0.000000;0.001497;2708.5770
2020-12-15;24:00;265.16;44.63;1015.71;1.80;315.67;0.000000;0.000000;0.001460;2369.7540
2020-12-16;24:00;266.62;49.97;1013.49;2.68;289.28;0.000000;0.000000;0.001407;2696.6910
2020-12-17;24:00;268.67;48.25;1012.54;3.78;322.69;0.000000;0.000007;0.001246;2617.3680
2020-12-18;24:00;266.59;37.45;1018.72;2.41;349.57;0.000000;0.000000;0.001171;2760.1560
2020-12-19;24:00;267.51;54.05;1014.98;2.51;307.23;0.000000;0.000000;0.001103;2548.7230
2020-12-20;24:00;268.27;51.94;1013.18;3.18;317.26;0.000000;0.000000;0.000992;2647.1590
2020-12-21;24:00;269.10;55.86;1006.40;2.43;289.97;0.000000;0.000000;0.000868;2488.7460
2020-12-22;24:00;271.52;57.86;1001.59;1.44;267.99;0.000000;0.000000;0.000707;2458.5950
2020-12-23;24:00;269.65;44.10;1003.82;4.70;324.45;0.000000;0.000000;0.000590;2623.3310
2020-12-24;24:00;268.52;42.53;1004.63;2.90;302.04;0.000000;0.000000;0.000538;2666.9760
2020-12-25;24:00;270.72;47.42;1003.67;0.76;27.23;0.000000;0.002401;0.000463;2528.7650
2020-12-26;24:00;269.79;65.78;1000.14;2.06;359.82;0.000000;0.000214;0.000388;2196.5180
2020-12-27;24:00;270.53;63.96;1003.43;1.52;76.60;0.000000;0.027365;0.000310;2382.8890
2020-12-28;24:00;267.95;51.59;1013.16;4.47;358.45;0.000175;0.001270;0.000286;1317.6830
2020-12-29;24:00;259.74;27.00;1020.03;7.82;334.89;0.000000;0.000000;0.000274;2857.6820
2020-12-30;24:00;261.53;35.36;1014.81;6.40;324.22;0.000000;0.000000;0.000265;2835.7980
2020-12-31;24:00;264.61;39.34;1008.58;3.86;305.90;0.000000;0.000000;0.000256;2836.3570
2021-01-01;24:00;265.90;46.75;1007.84;1.03;352.55;0.000000;0.000000;0.000249;2454.3630
2021-01-02;24:00;264.90;47.41;1013.99;3.06;351.90;0.000000;0.000000;0.000242;2396.4790
2021-01-03;24:00;267.01;48.17;1013.55;0.64;29.39;0.000000;0.335106;0.000234;2435.7010
2021-01-04;24:00;264.33;37.42;1016.21;4.13;342.87;0.000000;0.000001;0.000225;2791.4270
2021-01-05;24:00;263.65;39.85;1013.75;3.33;307.91;0.000000;0.000010;0.000219;2848.8770
2021-01-06;24:00;255.37;26.32;1017.66;8.80;330.61;0.000000;0.000118;0.000210;2966.2170
2021-01-07;24:00;258.73;35.11;1014.07;4.49;327.74;0.000000;0.000031;0.000203;2935.9300
2021-01-08;24:00;262.51;38.75;1009.61;4.80;325.87;0.000000;0.000000;0.000197;2913.1620
2021-01-09;24:00;265.95;44.56;1008.97;4.47;321.41;0.000000;0.000000;0.000190;2909.3320
2021-01-10;24:00;268.42;44.57;1010.48;2.79;323.07;0.000001;0.007501;0.000165;2943.1330
2021-01-11;24:00;267.08;45.22;1000.84;3.48;296.08;0.000000;0.000021;0.000153;2782.5970
2021-01-12;24:00;270.42;50.17;989.72;2.40;270.53;0.000001;0.000000;0.000115;2654.1940
2021-01-13;24:00;271.34;54.81;997.70;0.95;34.86;0.000000;0.179126;0.000086;2810.4080
2021-01-14;24:00;269.52;80.07;996.75;2.52;14.90;0.000592;0.196825;0.000072;1630.9480
2021-01-15;24:00;267.42;41.10;1010.08;3.18;0.06;0.000000;0.000061;0.000066;2947.4590
2021-01-16;24:00;265.62;36.39;1013.89;4.39;315.15;0.000000;0.000000;0.000063;3031.8920
2021-01-17;24:00;267.75;41.81;1002.87;2.64;280.32;0.000000;0.000000;0.000059;2933.3650
2021-01-18;24:00;267.04;47.57;1008.22;1.94;62.25;0.000000;0.042640;0.000048;2966.5880
2021-01-19;24:00;266.24;74.69;1007.64;1.46;63.83;0.000000;0.156436;0.000082;2235.3910
2021-01-20;24:00;270.27;70.01;1003.78;0.52;67.94;0.000000;0.012968;0.000075;2391.3880
2021-01-21;24:00;271.52;56.87;1003.14;2.03;337.16;0.000000;0.000000;0.000058;2538.4630
2021-01-22;24:00;271.26;62.54;1005.84;0.90;152.21;0.000000;0.000000;0.000044;2948.4310
2021-01-23;24:00;270.64;70.82;1005.17;0.37;168.90;0.000000;0.000000;0.000035;2034.1780
2021-01-24;24:00;272.47;65.11;1007.69;0.36;130.22;0.000338;0.020522;0.000023;2373.7380
2021-01-25;24:00;271.00;73.69;1005.51;0.70;295.85;0.001876;0.002573;0.000639;1663.2230
2021-01-26;24:00;272.49;40.44;1005.71;1.49;328.55;0.000000;0.000001;0.000410;3219.7010
2021-01-27;24:00;270.05;48.36;1002.61;4.27;334.08;0.000048;0.000158;0.000362;1569.3220
2021-01-28;24:00;264.70;33.37;1008.68;2.83;327.19;0.000000;0.000000;0.000309;3601.1870
2021-01-29;24:00;269.90;47.67;1001.19;0.92;298.74;0.000000;0.000000;0.000272;3292.6440
2021-01-30;24:00;270.66;56.77;1004.37;2.11;66.91;0.000000;0.004378;0.000184;3344.5580
2021-01-31;24:00;271.15;62.99;998.36;0.70;280.10;0.000000;0.021267;0.000130;3065.1930
2021-02-01;24:00;267.95;29.88;1008.90;5.23;338.85;0.000000;0.000010;0.000102;3609.0830
2021-02-02;24:00;268.67;36.12;1005.76;1.71;266.54;0.000000;0.000000;0.000087;3602.9400
2021-02-03;24:00;270.63;37.12;1006.61;3.57;327.48;0.000000;0.000000;0.000064;3498.3290
2021-02-04;24:00;274.03;45.88;1000.30;2.59;246.58;0.000000;0.000000;0.000037;3584.8510
2021-02-05;24:00;276.86;47.38;992.87;3.96;296.70;0.000000;0.000000;0.000009;3565.2150
2021-02-06;24:00;276.41;50.54;1000.70;1.87;349.57;0.006428;0.000161;0.000000;3618.2790
2021-02-07;24:00;272.60;37.80;1012.67;2.80;350.71;0.000000;0.000000;0.000000;3910.8750
2021-02-08;24:00;273.88;50.17;1009.93;1.30;228.86;0.000000;0.000000;0.000000;3756.6030
2021-02-09;24:00;274.94;51.45;1003.11;0.45;263.30;0.000000;0.000000;0.000000;3562.0160
2021-02-10;24:00;276.93;51.42;1002.44;1.47;194.69;0.000450;0.007672;0.000000;3693.5530
2021-02-11;24:00;277.13;73.23;998.47;0.17;158.85;0.000883;0.004273;0.000000;2814.4040
2021-02-12;24:00;278.55;68.44;1002.68;1.71;76.59;0.084463;0.004171;0.000000;3326.7440
2021-02-13;24:00;276.00;90.46;1000.76;2.17;93.23;0.937418;0.409112;0.000001;1086.0260
2021-02-14;24:00;273.21;55.85;1002.31;2.15;2.98;0.190862;0.069789;0.000001;2353.8520
2021-02-15;24:00;272.87;33.88;999.40;3.23;310.97;0.001599;0.000588;0.000000;4279.8980
2021-02-16;24:00;267.60;24.60;1009.32;7.71;344.20;0.000000;0.000004;0.000000;4463.9050
2021-02-17;24:00;268.36;34.43;1011.76;3.64;343.13;0.000000;0.000000;0.000000;4489.2810
2021-02-18;24:00;273.97;48.40;1000.62;1.62;206.02;0.000000;0.000006;0.000000;4223.1510
2021-02-19;24:00;279.13;44.33;990.22;3.29;311.40;0.000000;0.000000;0.000000;3753.8140
2021-02-20;24:00;281.74;40.44;984.56;2.46;287.59;0.000000;0.000000;0.000000;3978.6460
2021-02-21;24:00;282.15;42.93;993.36;3.96;343.76;0.000003;0.000000;0.000000;3779.8420
2021-02-22;24:00;275.71;43.48;1009.21;1.00;79.41;0.000000;0.017327;0.000000;4582.4130
2021-02-23;24:00;271.62;63.16;1010.08;2.93;130.81;0.020793;0.140194;0.000000;2421.3440
2021-02-24;24:00;273.45;69.62;1006.09;1.11;121.45;0.006506;0.045618;0.000000;3409.8450
2021-02-25;24:00;274.59;69.90;1007.81;1.04;103.08;0.000192;0.004341;0.000000;4086.5990
2021-02-26;24:00;275.53;58.97;1007.53;2.22;173.91;0.000000;0.000136;0.000000;4302.0810
2021-02-27;24:00;276.33;57.50;1004.21;2.60;176.37;0.914953;0.902895;0.000004;4157.4400
2021-02-28;24:00;274.16;81.46;1007.92;3.15;50.94;7.493288;6.033913;0.019356;1665.3410
2021-03-01;24:00;271.89;57.71;1008.85;1.56;147.63;0.001345;0.022815;0.031327;4002.1510
2021-03-02;24:00;273.51;70.25;1004.50;2.11;161.85;0.000000;0.097257;0.015646;4513.3990
2021-03-03;24:00;276.50;75.85;998.08;1.26;153.80;0.002468;0.032611;0.006425;4148.4500
2021-03-04;24:00;279.02;70.08;997.64;0.82;146.84;0.010859;0.003944;0.002148;4362.8350
2021-03-05;24:00;274.33;51.46;1012.70;3.12;86.56;0.008861;0.000001;0.000868;2657.3110
2021-03-06;24:00;271.64;48.16;1015.25;2.14;184.01;0.000009;0.000001;0.000473;4795.9970
2021-03-07;24:00;274.48;57.97;1009.10;1.98;181.96;0.000000;0.000000;0.000208;4782.7760
2021-03-08;24:00;277.10;68.83;1005.64;1.78;183.35;0.000027;0.000000;0.000030;4103.5530
2021-03-09;24:00;280.77;67.57;1006.38;1.03;151.86;0.005132;0.000000;0.000000;4034.7770
2021-03-10;24:00;282.87;68.66;1004.88;3.44;197.57;0.020059;0.000000;0.000000;3971.9670
2021-03-11;24:00;282.46;73.91;1004.39;2.96;177.01;0.098196;0.000000;0.000000;3021.8410
2021-03-12;24:00;280.85;73.35;1006.29;2.15;186.73;0.398218;0.000000;0.000001;4144.4620
2021-03-13;24:00;282.07;64.39;1001.42;1.67;183.87;0.027528;0.000000;0.000000;4884.1950
2021-03-14;24:00;281.39;82.42;993.59;2.01;204.97;0.463369;0.000000;0.000000;1421.8380
2021-03-15;24:00;278.23;26.00;1001.95;6.69;341.83;0.000000;0.000000;0.000000;5621.7930
2021-03-16;24:00;279.15;36.83;1003.46;1.57;144.35;0.000000;0.000000;0.000000;5304.5790
2021-03-17;24:00;280.12;44.80;1004.79;1.77;107.34;1.457713;0.000000;0.001198;4445.1150
2021-03-18;24:00;278.55;62.60;1005.01;0.74;148.81;0.016969;0.000000;0.002907;3971.4070
2021-03-19;24:00;277.96;72.65;999.72;1.21;243.67;9.318961;0.000233;0.007277;3524.7010
2021-03-20;24:00;277.89;34.14;1002.58;7.89;323.07;0.000011;0.000000;0.004294;6008.8110
2021-03-21;24:00;277.07;34.77;1004.73;5.72;317.64;0.000000;0.000000;0.001406;6224.6210
2021-03-22;24:00;281.84;33.12;998.18;4.21;286.07;0.000000;0.000000;0.000314;5866.2350
2021-03-23;24:00;285.67;34.35;992.49;1.76;289.23;0.000000;0.000000;0.000026;5960.9970
2021-03-24;24:00;284.44;38.73;999.96;0.92;209.47;0.000000;0.000000;0.000000;6074.3260
2021-03-25;24:00;286.38;49.51;998.22;2.64;192.62;0.242962;0.000000;0.000000;5312.9850
2021-03-26;24:00;282.32;86.55;993.73;1.03;42.43;2.302612;0.000000;0.000000;1512.7400
2021-03-27;24:00;284.67;68.12;986.59;0.80;177.04;0.067645;0.000000;0.000000;5028.7240
2021-03-28;24:00;282.62;28.83;990.17;6.63;326.52;0.000000;0.000000;0.000000;6406.8620
2021-03-29;24:00;283.18;31.46;991.97;2.69;311.15;0.000000;0.000000;0.000000;5048.0920
2021-03-30;24:00;285.88;46.29;992.00;1.92;203.77;0.000004;0.000000;0.000000;5341.7410
2021-03-31;24:00;287.72;41.41;996.40;3.03;50.29;0.000000;0.000000;0.000000;6117.5040
2021-04-01;24:00;286.08;42.69;999.37;1.15;91.60;0.000348;0.000000;0.000000;3864.0620
2021-04-02;24:00;286.11;50.31;1002.81;2.34;37.27;1.183942;0.000000;0.000000;4476.6010
2021-04-03;24:00;283.25;29.43;1007.66;3.26;22.49;0.000000;0.000000;0.000000;6084.2790
2021-04-04;24:00;284.73;30.41;1005.35;1.80;230.44;0.000000;0.000000;0.000000;6688.2180
2021-04-05;24:00;284.47;43.16;1002.24;3.32;221.68;0.016011;0.000000;0.000000;3387.3850
2021-04-06;24:00;285.99;42.44;1003.22;0.29;321.96;0.000000;0.000000;0.000000;5534.1820
2021-04-07;24:00;284.16;36.94;1005.54;2.34;149.23;0.000000;0.000000;0.000000;6596.4990
2021-04-08;24:00;284.65;42.13;1003.79;2.22;139.76;0.000102;0.000000;0.000000;6156.5860
2021-04-09;24:00;284.60;49.55;1005.71;2.33;108.21;0.027277;0.000000;0.000000;5335.2750
2021-04-10;24:00;287.20;49.35;1004.13;3.53;197.26;0.000716;0.000000;0.000000;4713.0400
2021-04-11;24:00;285.49;58.70;1001.25;2.84;186.77;0.007916;0.000000;0.000000;2754.5100
2021-04-12;24:00;284.18;41.57;1000.90;5.16;338.27;0.108778;0.000000;0.000000;5049.0090
2021-04-13;24:00;281.72;26.66;1000.87;3.70;305.04;0.000000;0.000000;0.000000;7431.3840
2021-04-14;24:00;286.60;29.79;993.25;3.18;217.63;0.000000;0.000000;0.000000;7164.3680
2021-04-15;24:00;285.37;31.27;989.44;5.22;289.67;1.264603;0.000000;0.000000;5983.0700
2021-04-16;24:00;281.70;27.28;999.35;6.18;315.15;0.000082;0.000000;0.000000;5313.3380
2021-04-17;24:00;284.19;25.87;1001.00;4.23;331.86;0.000000;0.000000;0.000000;7462.4470
2021-04-18;24:00;289.12;27.82;994.34;2.67;233.35;0.000000;0.000000;0.000000;7313.9650
2021-04-19;24:00;292.63;32.39;993.80;1.15;177.51;0.000000;0.000000;0.000000;6759.1190
2021-04-20;24:00;291.08;45.36;998.10;2.80;176.92;0.000000;0.000000;0.000000;5775.8950
2021-04-21;24:00;287.27;58.28;998.26;2.93;173.56;0.561288;0.000000;0.000000;3107.9460
2021-04-22;24:00;285.30;72.62;997.61;2.63;67.30;0.307214;0.000000;0.000000;4496.3380
2021-04-23;24:00;287.33;64.60;1003.76;2.57;76.28;0.018459;0.000000;0.000000;5689.9830
2021-04-24;24:00;289.46;53.79;1007.48;2.39;103.23;0.060229;0.000000;0.000000;6246.0230
2021-04-25;24:00;287.07;44.84;1003.84;2.03;170.71;0.195281;0.000000;0.000000;4819.3040
2021-04-26;24:00;287.54;48.76;995.65;2.06;199.52;0.141951;0.000000;0.000000;5132.6380
2021-04-27;24:00;286.96;25.71;996.80;5.68;312.23;0.000000;0.000000;0.000000;7423.8800
2021-04-28;24:00;288.53;26.43;989.31;3.16;271.31;0.002429;0.000000;0.000000;7457.5170
2021-04-29;24:00;284.70;28.02;985.59;5.45;341.10;0.000177;0.000000;0.000026;6789.6460
2021-04-30;24:00;282.31;42.18;989.46;2.40;340.25;0.049802;0.000000;0.001431;5342.7780
2021-05-01;24:00;284.90;28.70;998.16;5.67;354.57;0.000000;0.000000;0.000134;7837.9690
2021-05-02;24:00;288.17;32.84;996.17;4.34;195.29;0.000000;0.000000;0.000003;7337.3750
2021-05-03;24:00;290.45;38.52;990.45;1.55;256.26;0.000030;0.000000;0.000000;6538.9780
2021-05-04;24:00;287.52;23.32;992.48;5.60;309.03;0.000000;0.000000;0.000000;7672.5360
2021-05-05;24:00;292.83;21.86;985.91;4.07;233.20;0.000000;0.000000;0.000000;7801.1030
2021-05-06;24:00;290.57;21.56;984.32;8.65;304.52;0.000001;0.000000;0.000000;7537.3320
2021-05-07;24:00;293.36;22.22;983.50;4.84;294.85;0.000001;0.000000;0.000000;8159.4600
2021-05-08;24:00;291.05;21.45;987.90;4.82;350.23;0.000000;0.000000;0.000000;8252.5870
2021-05-09;24:00;292.15;32.78;990.38;2.46;95.90;2.216627;0.000000;0.000000;6033.7210
2021-05-10;24:00;290.78;46.22;993.98;2.96;146.33;0.000024;0.000000;0.000000;7110.6480
2021-05-11;24:00;291.98;44.92;991.74;2.80;157.83;0.781986;0.000000;0.000000;7506.1220
2021-05-12;24:00;294.02;39.21;991.09;2.16;114.45;0.000500;0.000000;0.000000;7072.3100
2021-05-13;24:00;294.24;52.17;990.21;2.25;120.75;0.044481;0.000000;0.000000;6610.3400
2021-05-14;24:00;294.87;63.10;987.81;2.77;128.96;3.097970;0.000000;0.000000;5599.5420
2021-05-15;24:00;290.26;41.02;993.14;5.75;7.77;1.093579;0.000000;0.000000;3517.1010
2021-05-16;24:00;292.65;25.48;992.12;2.85;343.28;0.000019;0.000000;0.000000;6651.7360
2021-05-17;24:00;297.64;22.04;988.73;3.06;268.35;0.000000;0.000000;0.000000;7392.2180
2021-05-18;24:00;298.62;21.14;986.16;3.25;239.91;0.000000;0.000000;0.000000;7669.3700
2021-05-19;24:00;298.12;33.24;986.65;4.64;204.42;0.000555;0.000000;0.000000;5052.0610
2021-05-20;24:00;295.17;49.22;987.08;2.69;208.49;0.600361;0.000000;0.000000;5375.4620
2021-05-21;24:00;297.55;37.98;986.36;2.59;190.54;0.000000;0.000000;0.000000;6613.3130
2021-05-22;24:00;298.57;41.42;986.89;2.05;265.22;3.684002;0.000000;0.000000;6582.1050
2021-05-23;24:00;292.95;28.31;991.49;4.05;318.35;0.000000;0.000000;0.000000;8009.0060
2021-05-24;24:00;290.43;25.89;988.21;3.65;298.04;0.000029;0.000000;0.000000;6281.7260
2021-05-25;24:00;295.72;25.96;979.83;0.26;102.39;0.000000;0.000000;0.000000;7988.1980
2021-05-26;24:00;293.44;37.20;982.19;2.69;348.39;0.013092;0.000000;0.000000;6312.2430
2021-05-27;24:00;293.91;32.85;980.73;6.56;315.61;0.146941;0.000000;0.000000;5717.5330
2021-05-28;24:00;294.65;29.93;984.15;2.69;5.26;0.000003;0.000000;0.000000;8548.3560
2021-05-29;24:00;293.52;40.08;988.17;2.01;108.08;0.002763;0.000000;0.000000;8371.1940
2021-05-30;24:00;294.03;40.58;988.09;2.63;139.38;0.000866;0.000000;0.000000;7957.8660
2021-05-31;24:00;290.67;65.05;989.33;1.20;17.64;12.065350;0.000000;0.000000;3629.8180
2021-06-01;24:00;295.46;42.47;988.26;2.49;135.04;0.143508;0.000000;0.000000;7889.6600
2021-06-02;24:00;293.65;37.74;987.42;3.13;342.55;0.496158;0.000000;0.000000;5880.8830
2021-06-03;24:00;294.69;26.54;985.23;4.74;314.12;0.000000;0.000000;0.000000;8771.2580
2021-06-04;24:00;296.31;29.98;980.81;5.46;330.14;0.000001;0.000000;0.000000;8654.1650
2021-06-05;24:00;299.55;23.48;980.49;3.24;343.34;0.000000;0.000000;0.000000;8459.5430
2021-06-06;24:00;298.98;31.95;985.87;2.74;113.48;0.615575;0.000000;0.000000;6480.4520
2021-06-07;24:00;296.61;54.71;991.85;3.50;116.18;0.521059;0.000000;0.000000;5046.4820
2021-06-08;24:00;298.00;52.31;992.76;1.51;123.36;0.105193;0.000000;0.000000;5603.1670
2021-06-09;24:00;294.76;62.57;992.35;3.62;354.81;5.053248;0.000000;0.000000;2581.5690
2021-06-10;24:00;297.93;39.65;988.56;0.38;201.73;0.097358;0.000000;0.000000;7849.8560
2021-06-11;24:00;302.20;30.19;989.58;2.60;210.69;0.000000;0.000000;0.000000;7436.2940
2021-06-12;24:00;303.04;39.80;988.33;2.51;185.11;0.015647;0.000000;0.000000;5869.4530
2021-06-13;24:00;299.96;69.60;984.55;2.91;167.38;3.054030;0.000000;0.000000;3294.7910
2021-06-14;24:00;297.14;79.48;982.32;2.55;118.50;3.801611;0.000000;0.000000;3959.8580
2021-06-15;24:00;297.83;57.19;985.85;2.93;131.29;0.212995;0.000000;0.000000;6959.4430
2021-06-16;24:00;295.60;68.12;986.45;1.23;190.98;2.545884;0.000000;0.000000;5307.5560
2021-06-17;24:00;298.40;30.22;984.65;3.23;317.13;0.000000;0.000000;0.000000;8372.9280
2021-06-18;24:00;299.12;24.43;981.69;5.14;307.83;0.000000;0.000000;0.000000;8627.0480
2021-06-19;24:00;301.15;22.35;980.45;4.90;319.71;0.000000;0.000000;0.000000;8743.8630
2021-06-20;24:00;302.94;27.08;981.92;1.68;325.23;0.000000;0.000000;0.000000;8296.1460
2021-06-21;24:00;301.07;33.48;986.98;2.33;78.56;0.000029;0.000000;0.000000;8134.9800
2021-06-22;24:00;300.00;42.01;991.46;2.90;157.55;0.378082;0.000000;0.000000;7924.8550
2021-06-23;24:00;295.94;66.13;992.65;1.78;160.35;18.387990;0.000000;0.000000;4159.1580
2021-06-24;24:00;295.35;80.95;989.32;1.77;146.66;9.601268;0.000000;0.000000;2552.4810
2021-06-25;24:00;296.72;77.11;983.66;2.92;176.18;8.268433;0.000000;0.000000;4867.4610
2021-06-26;24:00;299.19;65.47;984.96;1.23;76.00;1.056106;0.000000;0.000000;7198.9760
2021-06-27;24:00;300.34;58.11;985.78;1.65;145.03;0.400286;0.000000;0.000000;7567.9040
2021-06-28;24:00;300.03;62.60;985.30;2.72;135.40;1.009680;0.000000;0.000000;6855.4060
2021-06-29;24:00;297.35;78.66;984.05;2.47;144.61;3.458646;0.000000;0.000000;3592.6290
2021-06-30;24:00;299.77;64.30;984.51;2.07;152.12;0.937769;0.000000;0.000000;7244.3730
2021-07-01;24:00;295.94;86.16;986.19;2.09;152.71;2.583724;0.000000;0.000000;2771.9720
2021-07-02;24:00;297.74;70.41;987.00;2.57;165.50;34.785349;0.000000;0.000000;5324.8920
2021-07-03;24:00;296.06;76.66;984.75;1.89;155.03;3.248518;0.000000;0.000000;6505.2160
2021-07-04;24:00;299.94;59.11;987.19;0.67;6.77;0.012440;0.000000;0.000000;7988.2920
2021-07-05;24:00;298.45;75.60;987.08;2.41;141.78;1.400559;0.000000;0.000000;4243.4580
2021-07-06;24:00;298.37;74.08;986.90;0.74;191.93;1.729710;0.000000;0.000000;5902.6450
2021-07-07;24:00;299.36;71.73;986.98;0.88;196.76;0.817968;0.000000;0.000000;6815.5620
2021-07-08;24:00;299.76;65.41;984.72;1.00;149.76;0.863859;0.000000;0.000000;6866.0230
2021-07-09;24:00;299.42;71.12;984.64;1.73;89.49;0.738514;0.000000;0.000000;7107.3890
2021-07-10;24:00;300.51;76.06;985.33;2.13;126.24;1.618767;0.000000;0.000000;6206.7440
2021-07-11;24:00;300.50;80.86;984.58;2.68;100.22;71.863092;0.000000;0.000000;4542.6280
2021-07-12;24:00;298.77;89.39;978.04;3.83;142.84;33.307373;0.000000;0.000000;4090.4540
2021-07-13;24:00;299.88;77.77;980.62;1.06;165.96;2.271576;0.000000;0.000000;7091.1590
2021-07-14;24:00;300.24;77.38;987.03;1.18;139.45;0.296618;0.000000;0.000000;7139.2370
2021-07-15;24:00;299.90;82.43;991.57;2.48;120.66;3.509088;0.000000;0.000000;6765.5250
2021-07-16;24:00;299.16;83.01;991.91;2.69;83.72;5.596369;0.000000;0.000000;6395.6970
2021-07-17;24:00;298.42;85.57;991.58;3.22;126.13;10.995854;0.000000;0.000000;5310.8950
2021-07-18;24:00;298.05;86.76;991.67;1.84;154.55;6.643656;0.000000;0.000000;3543.5190
2021-07-19;24:00;298.29;86.26;992.65;2.54;146.15;4.092311;0.000000;0.000000;4355.3590
2021-07-20;24:00;298.61;81.19;994.14;2.17;140.64;1.134784;0.000000;0.000000;5617.9870
2021-07-21;24:00;297.77;88.31;994.03;2.65;115.28;15.202465;0.000000;0.000000;3439.1920
2021-07-22;24:00;297.51;80.11;992.60;0.77;172.32;2.729306;0.000000;0.000000;3663.9250
2021-07-23;24:00;298.79;73.25;990.20;1.84;192.28;0.013853;0.000000;0.000000;6418.6950
2021-07-24;24:00;300.25;78.05;987.99;2.65;188.19;0.136253;0.000000;0.000000;6779.4210
2021-07-25;24:00;300.08;77.61;984.23;3.42;179.14;0.480054;0.000000;0.000000;6336.1030
2021-07-26;24:00;300.07;80.49;983.56;2.45;175.68;3.112069;0.000000;0.000000;4342.8860
2021-07-27;24:00;299.73;80.47;985.59;1.56;103.19;8.995108;0.000000;0.000000;5068.1670
2021-07-28;24:00;297.67;84.99;985.79;1.77;78.62;7.688441;0.000000;0.000000;3244.6750
2021-07-29;24:00;296.04;80.34;981.66;3.96;19.57;11.249957;0.000000;0.000000;4171.7670
2021-07-30;24:00;298.40;76.33;977.71;2.62;4.27;0.727023;0.000000;0.000000;6248.6460
2021-07-31;24:00;299.92;76.80;978.78;0.44;278.97;1.741540;0.000000;0.000000;6908.0540
2021-08-01;24:00;297.96;66.27;983.99;3.56;5.52;0.189433;0.000000;0.000000;7488.1910
2021-08-02;24:00;298.18;69.31;987.47;1.75;79.84;0.542134;0.000000;0.000000;7493.9580
2021-08-03;24:00;298.61;79.46;987.51;2.76;184.94;4.377780;0.000000;0.000000;5900.6530
2021-08-04;24:00;299.31;80.37;985.42;2.08;193.21;2.817496;0.000000;0.000000;6308.4440
2021-08-05;24:00;298.92;69.14;985.33;0.59;33.22;0.576833;0.000000;0.000000;6631.2550
2021-08-06;24:00;299.16;62.36;985.31;0.21;10.93;0.046742;0.000000;0.000000;6583.6970
2021-08-07;24:00;299.56;64.47;987.73;0.46;66.53;0.010330;0.000000;0.000000;5926.6140
2021-08-08;24:00;298.92;77.30;987.54;1.06;216.40;6.025997;0.000000;0.000000;3474.5280
2021-08-09;24:00;297.98;73.98;986.28;0.18;31.54;0.566076;0.000000;0.000000;6829.8000
2021-08-10;24:00;298.81;61.08;988.53;0.58;323.32;0.023995;0.000000;0.000000;7090.9160
2021-08-11;24:00;297.72;72.58;993.31;1.76;86.50;1.502639;0.000000;0.000000;5970.1260
2021-08-12;24:00;296.53;78.80;993.47;1.91;146.72;0.720631;0.000000;0.000000;5571.2170
2021-08-13;24:00;296.70;81.02;991.99;2.51;151.09;5.237820;0.000000;0.000000;5164.6100
2021-08-14;24:00;295.93;83.72;993.04;2.43;167.56;3.079097;0.000000;0.000000;3818.0520
2021-08-15;24:00;296.41;81.03;994.76;2.56;168.99;3.222881;0.000000;0.000000;4529.7100
2021-08-16;24:00;297.10;80.43;995.19;1.35;124.22;4.622094;0.000000;0.000000;5201.1930
2021-08-17;24:00;296.64;68.45;995.32;0.89;65.67;0.162261;0.000000;0.000000;6320.2380
2021-08-18;24:00;296.66;74.15;992.06;2.38;160.07;9.904169;0.000000;0.000000;4584.5550
2021-08-19;24:00;294.27;92.36;990.32;1.65;102.36;40.700484;0.000000;0.000000;2024.0390
2021-08-20;24:00;296.25;79.67;988.28;0.57;58.62;1.070427;0.000000;0.000000;6147.3590
2021-08-21;24:00;297.48;70.69;986.60;2.09;191.76;0.130772;0.000000;0.000000;6785.5750
2021-08-22;24:00;298.06;82.51;984.92;3.12;196.17;1.263939;0.000000;0.000000;5821.7540
2021-08-23;24:00;296.93;78.88;984.17;1.73;206.00;4.759690;0.000000;0.000000;4342.0360
2021-08-24;24:00;293.88;62.61;980.92;2.62;309.19;0.338495;0.000000;0.000000;6860.5100
2021-08-25;24:00;294.06;62.99;985.32;2.85;299.10;0.001067;0.000000;0.000000;6866.0630
2021-08-26;24:00;295.26;59.01;991.30;2.17;308.16;0.002198;0.000000;0.000000;6881.8590
2021-08-27;24:00;295.40;57.36;993.42;2.18;316.95;0.043793;0.000000;0.000000;6719.8390
2021-08-28;24:00;293.56;71.82;995.27;2.88;342.25;0.452078;0.000000;0.000000;3248.5520
2021-08-29;24:00;295.02;72.62;996.09;1.15;189.13;0.193514;0.000000;0.000000;4982.5480
2021-08-30;24:00;295.52;76.67;998.01;1.17;123.02;0.118027;0.000000;0.000000;3560.2350
2021-08-31;24:00;294.32;76.54;997.58;0.89;170.95;0.202813;0.000000;0.000000;4728.8920
2021-09-01;24:00;295.46;68.04;994.01;1.93;207.78;0.000000;0.000000;0.000000;6257.3720
2021-09-02;24:00;295.91;69.40;989.53;1.99;194.85;0.022643;0.000000;0.000000;6044.8430
2021-09-03;24:00;297.22;76.30;991.22;1.59;126.04;1.288322;0.000000;0.000000;5113.3880
2021-09-04;24:00;294.53;86.11;995.44;1.77;145.70;6.824632;0.000000;0.000000;3217.0530
2021-09-05;24:00;293.50;84.57;1000.03;1.63;44.82;11.190798;0.000000;0.000000;2375.2100
2021-09-06;24:00;291.47;74.40;998.45;2.45;19.27;2.107650;0.000000;0.000000;4916.0770
2021-09-07;24:00;293.58;72.05;991.67;1.81;183.93;0.115123;0.000000;0.000000;6076.1290
2021-09-08;24:00;295.07;73.45;989.18;1.69;189.36;0.362949;0.000000;0.000000;5503.8040
2021-09-09;24:00;293.96;80.52;990.42;0.83;49.01;1.577910;0.000000;0.000000;5294.5830
2021-09-10;24:00;296.04;77.01;990.77;0.40;178.68;1.014034;0.000000;0.000000;5808.1520
2021-09-11;24:00;296.78;70.74;992.29;2.22;63.73;2.867826;0.000000;0.000000;5428.8170
2021-09-12;24:00;294.24;88.20;996.10;2.61;92.31;7.214846;0.000000;0.000000;3215.6230
2021-09-13;24:00;295.44;80.99;1000.26;2.01;95.81;0.841288;0.000000;0.000000;4539.5000
2021-09-14;24:00;293.55;65.53;1002.38;1.74;102.69;0.001670;0.000000;0.000000;4873.8850
2021-09-15;24:00;293.94;74.00;997.63;1.46;159.48;5.023706;0.000000;0.000000;4871.5840
2021-09-16;24:00;292.58;77.81;997.81;2.58;28.04;1.578921;0.000000;0.000000;3175.7340
2021-09-17;24:00;293.78;64.99;996.99;0.31;116.88;0.000017;0.000000;0.000000;5606.6590
2021-09-18;24:00;292.49;76.05;998.43;0.96;209.67;2.261985;0.000000;0.000000;2517.0420
2021-09-19;24:00;289.82;86.32;994.32;3.76;12.17;61.784532;0.000000;0.000000;1678.4270
2021-09-20;24:00;289.49;78.19;983.32;5.57;340.96;9.425538;0.000000;0.000000;3771.3240
2021-09-21;24:00;291.30;65.10;986.92;3.62;335.56;0.000834;0.000000;0.000000;5712.9460
2021-09-22;24:00;294.08;63.89;994.16;0.69;177.62;0.000708;0.000000;0.000000;5593.3480
2021-09-23;24:00;292.13;85.76;1000.09;2.38;83.70;93.023676;0.000000;0.000000;2514.0980
2021-09-24;24:00;291.63;92.04;1001.27;2.15;109.80;7.699205;0.000000;0.000000;1708.0620
2021-09-25;24:00;292.29;81.69;1002.55;1.19;129.73;1.168505;0.000000;0.000000;3785.4120
2021-09-26;24:00;290.99;89.97;999.68;1.19;40.23;11.315146;0.000000;0.000000;1806.8360
2021-09-27;24:00;292.69;73.71;996.33;0.35;189.06;0.058387;0.000000;0.000000;5059.1660
2021-09-28;24:00;291.54;87.93;991.60;1.86;209.40;0.244032;0.000000;0.000000;3262.4090
2021-09-29;24:00;292.11;70.90;991.36;1.29;87.93;0.323873;0.000000;0.000000;5147.3750
2021-09-30;24:00;290.30;78.47;991.06;3.03;20.30;0.387736;0.000000;0.000000;3882.2470
2021-10-01;24:00;289.97;72.93;993.08;1.54;143.62;0.838882;0.000000;0.000000;5118.3560
2021-10-02;24:00;292.09;85.75;990.35;2.26;169.12;1.823887;0.000000;0.000000;2972.2900
2021-10-03;24:00;289.59;80.62;995.72;4.14;0.00;19.188320;0.000000;0.000000;926.0251
2021-10-04;24:00;286.30;73.62;1008.46;3.19;17.17;14.254978;0.000000;0.000000;2375.0860
2021-10-05;24:00;286.17;75.77;1009.86;1.45;18.30;4.602402;0.000000;0.000000;2391.3850
2021-10-06;24:00;281.91;85.71;1005.57;2.12;13.36;7.832322;0.000000;0.000000;1334.1230
2021-10-07;24:00;285.35;75.35;1003.18;0.68;15.24;0.000003;0.000000;0.000000;4777.6570
2021-10-08;24:00;287.25;76.87;1002.65;1.19;143.01;0.011148;0.000000;0.000000;4231.0040
2021-10-09;24:00;285.28;82.34;1002.52;1.54;310.89;0.457142;0.000000;0.000000;1738.9380
2021-10-10;24:00;282.50;58.86;1009.15;4.62;335.88;0.000005;0.000000;0.000000;3195.9870
2021-10-11;24:00;283.69;52.13;1009.35;1.22;348.72;0.000000;0.000000;0.000000;5054.3600
2021-10-12;24:00;285.78;53.63;1008.28;0.63;162.03;0.000000;0.000000;0.000000;4814.7770
2021-10-13;24:00;287.45;72.14;1003.87;0.76;238.44;0.238464;0.000000;0.000000;3664.1370
2021-10-14;24:00;287.43;68.02;1004.05;2.48;327.55;0.007158;0.000000;0.000000;2397.8000
2021-10-15;24:00;281.89;51.61;1012.95;5.70;350.17;0.000004;0.000000;0.000000;3439.1870
2021-10-16;24:00;277.06;48.50;1017.68;3.67;337.04;0.000000;0.000000;0.000000;4892.2500
2021-10-17;24:00;280.18;60.31;1004.81;2.45;226.49;0.002060;0.000000;0.000000;4631.9730
2021-10-18;24:00;281.23;63.23;1005.55;2.72;17.76;0.002094;0.000000;0.000000;3984.2000
2021-10-19;24:00;279.09;54.88;1010.22;0.16;8.35;0.000000;0.000000;0.000000;4633.3540
2021-10-20;24:00;280.12;64.12;1004.59;1.24;304.14;0.000000;0.000000;0.000000;4066.9700
2021-10-21;24:00;282.29;54.17;1006.53;4.43;339.06;0.000000;0.000000;0.000000;4498.2710
2021-10-22;24:00;281.83;55.66;1010.56;0.52;292.20;0.000000;0.000000;0.000000;4425.2370
2021-10-23;24:00;281.72;64.13;1008.89;1.80;203.26;0.000000;0.000000;0.000000;3927.0120
2021-10-24;24:00;283.09;74.20;1004.20;1.10;221.76;0.004491;0.000000;0.000000;3323.3060
2021-10-25;24:00;284.66;70.79;999.85;1.39;286.13;0.003327;0.000000;0.000000;3084.1580
2021-10-26;24:00;283.63;54.95;1004.57;4.69;347.27;0.000000;0.000000;0.000000;4136.3540
2021-10-27;24:00;285.01;53.17;1004.74;1.81;312.97;0.000000;0.000000;0.000000;4164.5180
2021-10-28;24:00;283.65;63.83;1005.45;1.10;65.33;0.005252;0.000000;0.000000;2271.9460
2021-10-29;24:00;283.58;82.00;1002.62;0.65;173.03;0.082670;0.000000;0.000000;2820.2700
2021-10-30;24:00;284.58;59.17;1004.14;3.71;323.94;0.000652;0.000000;0.000000;3471.6260
2021-10-31;24:00;280.51;75.49;1011.02;1.80;74.12;0.036506;0.000000;0.000000;2612.7500
2021-11-01;24:00;280.36;77.44;1008.87;1.96;181.53;0.041385;0.000000;0.000000;3020.9180
2021-11-02;24:00;278.59;89.39;1002.24;0.29;284.27;5.112724;0.000000;0.000000;1381.7150
2021-11-03;24:00;282.00;68.85;997.17;0.85;247.58;0.003514;0.000000;0.000000;3384.8210
2021-11-04;24:00;282.16;74.22;997.56;0.37;88.74;0.002474;0.000000;0.000000;3399.3190
2021-11-05;24:00;283.21;89.62;998.99;0.77;88.55;0.407078;0.000000;0.000000;2677.2850
2021-11-06;24:00;277.63;90.36;1007.72;5.79;8.45;19.931540;14.232834;0.017148;679.4161
2021-11-07;24:00;269.25;76.44;1006.58;6.23;335.16;0.003532;3.987806;0.131606;1047.8530
2021-11-08;24:00;271.81;69.99;1001.30;6.38;322.48;0.000002;0.000000;0.103711;3733.4180
2021-11-09;24:00;275.39;68.48;996.89;5.98;329.46;0.000039;0.000000;0.053272;3611.2680
2021-11-10;24:00;276.65;62.42;999.22;5.68;329.89;0.000000;0.000000;0.020366;3340.1480
2021-11-11;24:00;275.68;58.92;1002.26;4.68;323.90;0.000000;0.000000;0.008489;3536.9470
2021-11-12;24:00;277.67;61.98;998.90;3.61;300.85;0.000000;0.000000;0.003534;3455.9630
2021-11-13;24:00;278.19;62.30;997.72;3.75;324.25;0.000000;0.000000;0.001365;3360.6250
2021-11-14;24:00;278.52;59.76;1001.55;2.12;337.27;0.000000;0.000000;0.000545;3202.1660
2021-11-15;24:00;276.92;76.10;1006.62;1.31;58.75;0.011464;0.000000;0.000254;2486.7850
2021-11-16;24:00;277.04;86.02;1005.36;1.28;203.47;0.028358;0.014151;0.000100;2694.5850
2021-11-17;24:00;277.81;66.70;998.45;1.57;308.48;0.017897;0.007408;0.000012;2604.0250
2021-11-18;24:00;277.96;63.41;998.01;2.81;343.42;0.000099;0.001149;0.000000;2764.8690
2021-11-19;24:00;276.34;61.79;1003.09;1.44;86.84;0.002811;0.000000;0.000000;2569.9480
2021-11-20;24:00;275.64;80.79;1003.99;1.19;47.06;2.589252;0.063362;0.000000;871.3900
2021-11-21;24:00;273.03;41.08;1004.37;8.39;317.92;0.000012;0.000047;0.000003;2863.8230
2021-11-22;24:00;270.60;47.64;1006.66;4.05;327.08;0.000003;0.000005;0.000000;3201.7180
2021-11-23;24:00;273.44;52.93;999.79;2.64;288.98;0.000000;0.000000;0.000000;3111.5900
2021-11-24;24:00;275.21;57.01;998.21;2.66;318.76;0.000000;0.000000;0.000000;2941.2990
2021-11-25;24:00;276.03;57.03;1004.53;2.43;315.97;0.000000;0.000000;0.000000;2903.0000
2021-11-26;24:00;275.75;63.26;1012.23;0.28;194.63;0.001196;0.036941;0.000000;3015.3370
2021-11-27;24:00;276.50;76.37;1012.17;0.92;155.00;0.001190;0.003851;0.000000;2529.4790
2021-11-28;24:00;276.36;87.82;1008.62;0.62;7.13;0.004803;0.000016;0.000000;1826.5800
2021-11-29;24:00;273.89;72.70;1006.68;3.55;335.27;1.526373;0.010547;0.000639;792.1204
2021-11-30;24:00;271.76;50.10;1009.35;5.28;331.57;0.000001;0.000001;0.000619;3015.9460
2021-12-01;24:00;273.27;55.06;1005.51;3.03;287.29;0.000000;0.000000;0.000430;2891.8500
2021-12-02;24:00;274.65;52.88;1000.04;4.28;316.95;0.000000;0.000000;0.000262;2754.9210
2021-12-03;24:00;275.50;55.30;1004.86;4.04;313.32;0.000000;0.000000;0.000150;2790.4640
2021-12-04;24:00;276.09;58.26;1006.52;0.63;350.71;0.001527;0.011377;0.000086;2775.9860
2021-12-05;24:00;275.84;62.82;1004.32;1.66;319.22;0.000000;0.000519;0.000052;2566.2540
2021-12-06;24:00;275.80;51.30;1014.49;2.87;4.63;0.000000;0.000007;0.000013;2814.6410
2021-12-07;24:00;274.92;64.19;1013.76;1.02;216.77;0.000000;0.000002;0.000000;2500.7320
2021-12-08;24:00;274.04;84.61;1010.08;1.06;153.10;0.677255;0.945315;0.000337;1057.2540
2021-12-09;24:00;273.50;87.29;1007.25;0.70;320.84;0.177561;0.060011;0.002853;1102.2980
2021-12-10;24:00;276.15;59.40;1010.13;1.37;354.96;0.000000;0.000000;0.001940;2102.2600
2021-12-11;24:00;273.00;50.68;1013.97;5.06;336.56;0.000000;0.000009;0.001322;2066.7230
2021-12-12;24:00;270.24;47.11;1015.57;2.99;330.71;0.000000;0.000000;0.001143;2815.4240
2021-12-13;24:00;270.56;60.42;1002.45;1.41;242.73;0.000000;0.000000;0.000926;2613.2880
2021-12-14;24:00;272.04;58.71;998.62;2.49;322.87;0.000000;0.000000;0.000726;2463.9500
2021-12-15;24:00;272.28;62.60;1001.18;1.09;333.51;0.000000;0.000000;0.000539;2386.0860
2021-12-16;24:00;268.38;42.43;1012.30;6.11;339.09;0.000002;0.000007;0.000475;2513.5150
2021-12-17;24:00;265.86;48.08;1012.37;3.20;276.02;0.000000;0.000284;0.000455;2812.4470
2021-12-18;24:00;270.00;47.10;1004.23;3.12;310.29;0.000000;0.000000;0.000425;2689.6730
2021-12-19;24:00;273.04;59.51;996.74;2.27;289.86;0.000000;0.000000;0.000321;2528.4760
2021-12-20;24:00;274.26;58.35;996.92;3.16;318.86;0.000000;0.000000;0.000218;2509.4580
2021-12-21;24:00;271.94;67.53;1003.91;2.49;73.97;0.000019;0.001360;0.000159;2451.6820
2021-12-22;24:00;270.99;73.07;1007.07;1.69;95.42;0.000000;0.059642;0.000140;2401.7280
2021-12-23;24:00;268.62;71.60;1012.22;2.93;76.82;0.000000;1.603754;0.000456;1103.7340
2021-12-24;24:00;263.17;44.01;1022.27;3.95;0.27;0.000000;0.000000;0.000525;2743.7050
2021-12-25;24:00;262.12;40.50;1024.27;4.00;331.72;0.000000;0.000000;0.000518;2786.1600
2021-12-26;24:00;265.73;45.90;1017.27;4.42;307.87;0.000000;0.000000;0.000500;2714.2610
2021-12-27;24:00;268.96;50.52;1010.26;3.33;298.55;0.000000;0.000000;0.000445;2748.5050
2021-12-28;24:00;269.41;49.44;1003.97;3.85;317.72;0.000000;0.000000;0.000373;2677.6320
2021-12-29;24:00;269.17;49.83;1008.82;3.94;325.42;0.000000;0.000000;0.000336;2712.5680
2021-12-30;24:00;269.28;50.98;1013.16;2.70;349.58;0.000000;0.000000;0.000307;2704.5640
2021-12-31;24:00;269.57;61.31;1009.43;0.55;146.21;0.000000;0.001943;0.000272;2544.7880

